username,password,first_name,last_name
rsingh,C7d!6f@1,Rohit,Singh
dyadav,C43!f1@1,Divya,Yadav
vsharma,221!cb@1,Vivek,Sharma
ssingh,C39!23@1,Suresh,Singh
msingh,80f!73@1,Meera,Singh
djain,D99!4d@1,Dinesh,Jain
vgupta,537!9f@1,Vikram,Gupta
rjain,F27!4f@1,Rohit,Jain
vsharma,221!cb@1,Vivek,Sharma
psharma,Fde!83@1,Pooja,Sharma
rpatel,Dd4!55@1,Rajesh,Patel
vjain,158!f2@1,Vivek,Jain
vkumar,2bc!e6@1,Vivek,Kumar
vgupta,537!9f@1,Vikram,Gupta
asharma,C5e!2e@1,Ankit,Sharma
spatel,956!07@1,Suresh,Patel
ajain,477!28@1,Anjali,Jain
vgupta,537!9f@1,Vivek,Gupta
ajain,477!28@1,Ankit,Jain
asingh,62f!86@1,Amit,Singh
spatel,956!07@1,Suresh,Patel
rgupta,E08!18@1,Rahul,Gupta
dchoudhary,7c2!e3@1,Dinesh,Choudhary
ayadav,3a4!dc@1,Ankit,Yadav
pyadav,F0f!1b@1,Prakash,Yadav
rgupta,E08!18@1,Rahul,Gupta
rjain,F27!4f@1,Rekha,Jain
vpatel,A8f!aa@1,Vikram,Patel
ryadav,541!79@1,Rohit,Yadav
rpatel,Dd4!55@1,Rajesh,Patel
pyadav,F0f!1b@1,Prakash,Yadav
vsingh,024!3a@1,Vikram,Singh
sjain,Ad3!bd@1,Suresh,Jain
vsingh,024!3a@1,Vikram,Singh
ryadav,541!79@1,Rohit,Yadav
schoudhary,Bc8!22@1,Suresh,Choudhary
schoudhary,Bc8!22@1,Sunita,Choudhary
rsingh,C7d!6f@1,Rohit,Singh
achoudhary,670!d1@1,Amit,Choudhary
ryadav,541!79@1,Rajesh,Yadav
pgupta,475!81@1,Prakash,Gupta
asingh,62f!86@1,Amit,Singh
rverma,852!90@1,Rekha,Verma
pjain,Aba!fe@1,Prakash,Jain
dchoudhary,7c2!e3@1,Dinesh,Choudhary
schoudhary,Bc8!22@1,Suresh,Choudhary
asharma,C5e!2e@1,Amit,Sharma
rkumar,243!27@1,Rajesh,Kumar
rsingh,C7d!6f@1,Rohit,Singh
kmishra,3c6!58@1,Kavita,Mishra
vchoudhary,840!c2@1,Vikram,Choudhary
pjain,Aba!fe@1,Priya,Jain
dverma,D51!c7@1,Divya,Verma
achoudhary,670!d1@1,Amit,Choudhary
vverma,A66!08@1,Vivek,Verma
ryadav,541!79@1,Rajesh,Yadav
ayadav,3a4!dc@1,Amit,Yadav
akumar,C5c!28@1,Ankit,Kumar
agupta,Efb!af@1,Ankit,Gupta
dmishra,9e8!d6@1,Dinesh,Mishra
dsharma,6fb!eb@1,Divya,Sharma
nkumar,271!b4@1,Neha,Kumar
apatel,45a!6d@1,Anjali,Patel
dsharma,6fb!eb@1,Dinesh,Sharma
asingh,62f!86@1,Amit,Singh
djain,D99!4d@1,Dinesh,Jain
rpatel,Dd4!55@1,Rajesh,Patel
vpatel,A8f!aa@1,Vivek,Patel
rkumar,243!27@1,Rohit,Kumar
pgupta,475!81@1,Prakash,Gupta
vkumar,2bc!e6@1,Vivek,Kumar
ssingh,C39!23@1,Suresh,Singh
achoudhary,670!d1@1,Amit,Choudhary
pchoudhary,24d!79@1,Pooja,Choudhary
vgupta,537!9f@1,Vivek,Gupta
dsingh,2bd!78@1,Dinesh,Singh
pgupta,475!81@1,Prakash,Gupta
pverma,7d8!53@1,Prakash,Verma
rchoudhary,81a!d4@1,Rahul,Choudhary
ppatel,74e!20@1,Prakash,Patel
rmishra,43d!7a@1,Rohit,Mishra
pjain,Aba!fe@1,Prakash,Jain
vsingh,024!3a@1,Vivek,Singh
rsharma,83c!4b@1,Rahul,Sharma
vgupta,537!9f@1,Vivek,Gupta
vjain,158!f2@1,Vivek,Jain
ssharma,Aed!ae@1,Sneha,Sharma
rjain,F27!4f@1,Rahul,Jain
vmishra,672!e3@1,Vivek,Mishra
vsharma,221!cb@1,Vikram,Sharma
skumar,Cdf!a6@1,Sneha,Kumar
ryadav,541!79@1,Rahul,Yadav
skumar,Cdf!a6@1,Suresh,Kumar
dchoudhary,7c2!e3@1,Dinesh,Choudhary
ryadav,541!79@1,Rohit,Yadav
dkumar,8b6!80@1,Dinesh,Kumar
syadav,52a!6b@1,Sunita,Yadav
myadav,D55!46@1,Meera,Yadav
spatel,956!07@1,Sunita,Patel
vgupta,537!9f@1,Vivek,Gupta
agupta,Efb!af@1,Amit,Gupta
ppatel,74e!20@1,Priya,Patel
rjain,F27!4f@1,Rohit,Jain
rverma,852!90@1,Rohit,Verma
vjain,158!f2@1,Vivek,Jain
ssharma,Aed!ae@1,Suresh,Sharma
vsharma,221!cb@1,Vikram,Sharma
kyadav,Cd0!9a@1,Kavita,Yadav
akumar,C5c!28@1,Ankit,Kumar
vkumar,2bc!e6@1,Vikram,Kumar
rgupta,E08!18@1,Rahul,Gupta
ssingh,C39!23@1,Sneha,Singh
pjain,Aba!fe@1,Pooja,Jain
schoudhary,Bc8!22@1,Sneha,Choudhary
rmishra,43d!7a@1,Rahul,Mishra
skumar,Cdf!a6@1,Suresh,Kumar
dmishra,9e8!d6@1,Dinesh,Mishra
myadav,D55!46@1,Meera,Yadav
mmishra,Dd7!ca@1,Meera,Mishra
pchoudhary,24d!79@1,Prakash,Choudhary
dpatel,988!e0@1,Dinesh,Patel
rchoudhary,81a!d4@1,Rekha,Choudhary
smishra,59d!5a@1,Sneha,Mishra
mchoudhary,4fd!af@1,Meera,Choudhary
rverma,852!90@1,Rahul,Verma
ryadav,541!79@1,Rajesh,Yadav
rjain,F27!4f@1,Rajesh,Jain
ppatel,74e!20@1,Pooja,Patel
mkumar,673!86@1,Meera,Kumar
rsharma,83c!4b@1,Rohit,Sharma
djain,D99!4d@1,Divya,Jain
msharma,Cb6!61@1,Meera,Sharma
syadav,52a!6b@1,Sneha,Yadav
apatel,45a!6d@1,Ankit,Patel
agupta,Efb!af@1,Amit,Gupta
dkumar,8b6!80@1,Dinesh,Kumar
pverma,7d8!53@1,Prakash,Verma
sgupta,5de!f7@1,Suresh,Gupta
ayadav,3a4!dc@1,Ankit,Yadav
rjain,F27!4f@1,Rajesh,Jain
dverma,D51!c7@1,Dinesh,Verma
mchoudhary,4fd!af@1,Meera,Choudhary
pmishra,1a6!96@1,Prakash,Mishra
rverma,852!90@1,Rohit,Verma
ryadav,541!79@1,Rahul,Yadav
rsingh,C7d!6f@1,Rahul,Singh
smishra,59d!5a@1,Sunita,Mishra
ssharma,Aed!ae@1,Sunita,Sharma
rkumar,243!27@1,Rajesh,Kumar
psharma,Fde!83@1,Prakash,Sharma
sverma,A9d!12@1,Sneha,Verma
rsharma,83c!4b@1,Rohit,Sharma
nyadav,24f!58@1,Neha,Yadav
vchoudhary,840!c2@1,Vivek,Choudhary
pjain,Aba!fe@1,Prakash,Jain
pkumar,6cd!a8@1,Pooja,Kumar
rsharma,83c!4b@1,Rahul,Sharma
vsharma,221!cb@1,Vikram,Sharma
rverma,852!90@1,Rekha,Verma
vjain,158!f2@1,Vivek,Jain
ngupta,658!92@1,Neha,Gupta
vsharma,221!cb@1,Vivek,Sharma
pyadav,F0f!1b@1,Prakash,Yadav
dsingh,2bd!78@1,Divya,Singh
pkumar,6cd!a8@1,Priya,Kumar
rsharma,83c!4b@1,Rahul,Sharma
ryadav,541!79@1,Rekha,Yadav
ryadav,541!79@1,Rajesh,Yadav
mkumar,673!86@1,Meera,Kumar
agupta,Efb!af@1,Anjali,Gupta
vyadav,842!f4@1,Vikram,Yadav
psingh,5c7!2e@1,Priya,Singh
syadav,52a!6b@1,Suresh,Yadav
ryadav,541!79@1,Rahul,Yadav
vyadav,842!f4@1,Vivek,Yadav
rchoudhary,81a!d4@1,Rahul,Choudhary
rchoudhary,81a!d4@1,Rahul,Choudhary
agupta,Efb!af@1,Amit,Gupta
asharma,C5e!2e@1,Anjali,Sharma
ayadav,3a4!dc@1,Ankit,Yadav
mjain,4ad!33@1,Meera,Jain
ssharma,Aed!ae@1,Suresh,Sharma
rgupta,E08!18@1,Rahul,Gupta
rpatel,Dd4!55@1,Rahul,Patel
ssharma,Aed!ae@1,Sneha,Sharma
asharma,C5e!2e@1,Amit,Sharma
smishra,59d!5a@1,Suresh,Mishra
dverma,D51!c7@1,Dinesh,Verma
amishra,C00!22@1,Ankit,Mishra
rsingh,C7d!6f@1,Rohit,Singh
rchoudhary,81a!d4@1,Rajesh,Choudhary
rchoudhary,81a!d4@1,Rohit,Choudhary
kverma,741!98@1,Kavita,Verma
rkumar,243!27@1,Rahul,Kumar
akumar,C5c!28@1,Ankit,Kumar
vgupta,537!9f@1,Vivek,Gupta
pverma,7d8!53@1,Pooja,Verma
rsharma,83c!4b@1,Rajesh,Sharma
akumar,C5c!28@1,Anjali,Kumar
nyadav,24f!58@1,Neha,Yadav
njain,390!2e@1,Neha,Jain
rsharma,83c!4b@1,Rahul,Sharma
psingh,5c7!2e@1,Prakash,Singh
ayadav,3a4!dc@1,Ankit,Yadav
vyadav,842!f4@1,Vikram,Yadav
rverma,852!90@1,Rajesh,Verma
rgupta,E08!18@1,Rajesh,Gupta
vsingh,024!3a@1,Vikram,Singh
dkumar,8b6!80@1,Dinesh,Kumar
vverma,A66!08@1,Vikram,Verma
vkumar,2bc!e6@1,Vikram,Kumar
rverma,852!90@1,Rajesh,Verma
rverma,852!90@1,Rohit,Verma
rverma,852!90@1,Rajesh,Verma
pgupta,475!81@1,Prakash,Gupta
rverma,852!90@1,Rahul,Verma
vpatel,A8f!aa@1,Vivek,Patel
rjain,F27!4f@1,Rohit,Jain
akumar,C5c!28@1,Anjali,Kumar
ksharma,1a3!49@1,Kavita,Sharma
rmishra,43d!7a@1,Rahul,Mishra
psingh,5c7!2e@1,Prakash,Singh
schoudhary,Bc8!22@1,Sunita,Choudhary
agupta,Efb!af@1,Anjali,Gupta
msharma,Cb6!61@1,Meera,Sharma
dyadav,C43!f1@1,Dinesh,Yadav
spatel,956!07@1,Sneha,Patel
rchoudhary,81a!d4@1,Rohit,Choudhary
dmishra,9e8!d6@1,Dinesh,Mishra
psharma,Fde!83@1,Prakash,Sharma
rchoudhary,81a!d4@1,Rajesh,Choudhary
rsharma,83c!4b@1,Rahul,Sharma
apatel,45a!6d@1,Amit,Patel
rmishra,43d!7a@1,Rahul,Mishra
syadav,52a!6b@1,Suresh,Yadav
sverma,A9d!12@1,Suresh,Verma
rkumar,243!27@1,Rohit,Kumar
syadav,52a!6b@1,Sunita,Yadav
sverma,A9d!12@1,Sunita,Verma
vgupta,537!9f@1,Vikram,Gupta
vjain,158!f2@1,Vikram,Jain
vsingh,024!3a@1,Vikram,Singh
rsingh,C7d!6f@1,Rajesh,Singh
vkumar,2bc!e6@1,Vivek,Kumar
nmishra,73e!32@1,Neha,Mishra
kpatel,4e7!9d@1,Kavita,Patel
pmishra,1a6!96@1,Priya,Mishra
vpatel,A8f!aa@1,Vivek,Patel
rmishra,43d!7a@1,Rajesh,Mishra
rjain,F27!4f@1,Rahul,Jain
kgupta,A9b!4c@1,Kavita,Gupta
dgupta,114!10@1,Divya,Gupta
nverma,878!83@1,Neha,Verma
vchoudhary,840!c2@1,Vivek,Choudhary
rgupta,E08!18@1,Rajesh,Gupta
vgupta,537!9f@1,Vikram,Gupta
syadav,52a!6b@1,Sunita,Yadav
syadav,52a!6b@1,Sneha,Yadav
sverma,A9d!12@1,Sunita,Verma
achoudhary,670!d1@1,Amit,Choudhary
akumar,C5c!28@1,Amit,Kumar
ayadav,3a4!dc@1,Anjali,Yadav
akumar,C5c!28@1,Ankit,Kumar
vsharma,221!cb@1,Vikram,Sharma
pyadav,F0f!1b@1,Prakash,Yadav
djain,D99!4d@1,Divya,Jain
rchoudhary,81a!d4@1,Rahul,Choudhary
rverma,852!90@1,Rajesh,Verma
rsharma,83c!4b@1,Rahul,Sharma
pchoudhary,24d!79@1,Pooja,Choudhary
rjain,F27!4f@1,Rajesh,Jain
vchoudhary,840!c2@1,Vivek,Choudhary
vjain,158!f2@1,Vivek,Jain
rjain,F27!4f@1,Rohit,Jain
skumar,Cdf!a6@1,Sneha,Kumar
pmishra,1a6!96@1,Priya,Mishra
rsharma,83c!4b@1,Rahul,Sharma
vchoudhary,840!c2@1,Vikram,Choudhary
apatel,45a!6d@1,Ankit,Patel
msharma,Cb6!61@1,Meera,Sharma
nmishra,73e!32@1,Neha,Mishra
asharma,C5e!2e@1,Ankit,Sharma
agupta,Efb!af@1,Ankit,Gupta
spatel,956!07@1,Sneha,Patel
amishra,C00!22@1,Ankit,Mishra
vkumar,2bc!e6@1,Vivek,Kumar
achoudhary,670!d1@1,Anjali,Choudhary
ssingh,C39!23@1,Suresh,Singh
rmishra,43d!7a@1,Rahul,Mishra
rverma,852!90@1,Rahul,Verma
pchoudhary,24d!79@1,Pooja,Choudhary
vmishra,672!e3@1,Vikram,Mishra
rgupta,E08!18@1,Rajesh,Gupta
vsingh,024!3a@1,Vikram,Singh
pgupta,475!81@1,Priya,Gupta
rsingh,C7d!6f@1,Rahul,Singh
sverma,A9d!12@1,Suresh,Verma
nchoudhary,032!42@1,Neha,Choudhary
skumar,Cdf!a6@1,Sneha,Kumar
sgupta,5de!f7@1,Sunita,Gupta
sgupta,5de!f7@1,Suresh,Gupta
vjain,158!f2@1,Vivek,Jain
rsingh,C7d!6f@1,Rahul,Singh
pyadav,F0f!1b@1,Pooja,Yadav
schoudhary,Bc8!22@1,Sneha,Choudhary
rsingh,C7d!6f@1,Rahul,Singh
rjain,F27!4f@1,Rajesh,Jain
ssharma,Aed!ae@1,Suresh,Sharma
rsingh,C7d!6f@1,Rohit,Singh
pkumar,6cd!a8@1,Priya,Kumar
vchoudhary,840!c2@1,Vikram,Choudhary
ajain,477!28@1,Anjali,Jain
psharma,Fde!83@1,Prakash,Sharma
dpatel,988!e0@1,Dinesh,Patel
njain,390!2e@1,Neha,Jain
rpatel,Dd4!55@1,Rekha,Patel
vchoudhary,840!c2@1,Vikram,Choudhary
kgupta,A9b!4c@1,Kavita,Gupta
vjain,158!f2@1,Vivek,Jain
averma,A1e!65@1,Anjali,Verma
apatel,45a!6d@1,Ankit,Patel
mkumar,673!86@1,Meera,Kumar
averma,A1e!65@1,Anjali,Verma
dmishra,9e8!d6@1,Dinesh,Mishra
amishra,C00!22@1,Amit,Mishra
rsharma,83c!4b@1,Rekha,Sharma
rgupta,E08!18@1,Rahul,Gupta
vchoudhary,840!c2@1,Vivek,Choudhary
rjain,F27!4f@1,Rahul,Jain
pyadav,F0f!1b@1,Prakash,Yadav
nkumar,271!b4@1,Neha,Kumar
rpatel,Dd4!55@1,Rohit,Patel
rchoudhary,81a!d4@1,Rekha,Choudhary
rverma,852!90@1,Rohit,Verma
dmishra,9e8!d6@1,Dinesh,Mishra
skumar,Cdf!a6@1,Sneha,Kumar
ayadav,3a4!dc@1,Anjali,Yadav
pjain,Aba!fe@1,Prakash,Jain
vsharma,221!cb@1,Vivek,Sharma
dyadav,C43!f1@1,Dinesh,Yadav
rkumar,243!27@1,Rohit,Kumar
syadav,52a!6b@1,Sunita,Yadav
rkumar,243!27@1,Rajesh,Kumar
rkumar,243!27@1,Rajesh,Kumar
rsingh,C7d!6f@1,Rahul,Singh
vpatel,A8f!aa@1,Vivek,Patel
vmishra,672!e3@1,Vikram,Mishra
msingh,80f!73@1,Meera,Singh
ajain,477!28@1,Amit,Jain
asingh,62f!86@1,Amit,Singh
rgupta,E08!18@1,Rohit,Gupta
agupta,Efb!af@1,Ankit,Gupta
smishra,59d!5a@1,Sneha,Mishra
pyadav,F0f!1b@1,Prakash,Yadav
rpatel,Dd4!55@1,Rekha,Patel
nmishra,73e!32@1,Neha,Mishra
dkumar,8b6!80@1,Dinesh,Kumar
rverma,852!90@1,Rekha,Verma
apatel,45a!6d@1,Ankit,Patel
rpatel,Dd4!55@1,Rahul,Patel
rkumar,243!27@1,Rajesh,Kumar
dkumar,8b6!80@1,Dinesh,Kumar
asharma,C5e!2e@1,Ankit,Sharma
amishra,C00!22@1,Ankit,Mishra
skumar,Cdf!a6@1,Suresh,Kumar
rgupta,E08!18@1,Rahul,Gupta
vjain,158!f2@1,Vivek,Jain
pverma,7d8!53@1,Pooja,Verma
smishra,59d!5a@1,Suresh,Mishra
mchoudhary,4fd!af@1,Meera,Choudhary
dgupta,114!10@1,Divya,Gupta
ayadav,3a4!dc@1,Ankit,Yadav
rkumar,243!27@1,Rajesh,Kumar
schoudhary,Bc8!22@1,Sneha,Choudhary
rkumar,243!27@1,Rohit,Kumar
vpatel,A8f!aa@1,Vivek,Patel
dgupta,114!10@1,Divya,Gupta
apatel,45a!6d@1,Anjali,Patel
dsharma,6fb!eb@1,Dinesh,Sharma
vpatel,A8f!aa@1,Vikram,Patel
rsharma,83c!4b@1,Rahul,Sharma
vsharma,221!cb@1,Vivek,Sharma
vchoudhary,840!c2@1,Vikram,Choudhary
rkumar,243!27@1,Rekha,Kumar
ryadav,541!79@1,Rohit,Yadav
rpatel,Dd4!55@1,Rekha,Patel
pgupta,475!81@1,Pooja,Gupta
dsharma,6fb!eb@1,Dinesh,Sharma
pkumar,6cd!a8@1,Pooja,Kumar
rverma,852!90@1,Rohit,Verma
smishra,59d!5a@1,Sunita,Mishra
pchoudhary,24d!79@1,Pooja,Choudhary
ryadav,541!79@1,Rahul,Yadav
rsingh,C7d!6f@1,Rekha,Singh
dchoudhary,7c2!e3@1,Dinesh,Choudhary
rverma,852!90@1,Rahul,Verma
amishra,C00!22@1,Amit,Mishra
averma,A1e!65@1,Ankit,Verma
ppatel,74e!20@1,Prakash,Patel
ksharma,1a3!49@1,Kavita,Sharma
pyadav,F0f!1b@1,Pooja,Yadav
pjain,Aba!fe@1,Priya,Jain
msharma,Cb6!61@1,Meera,Sharma
sjain,Ad3!bd@1,Suresh,Jain
amishra,C00!22@1,Ankit,Mishra
mkumar,673!86@1,Meera,Kumar
ssingh,C39!23@1,Sneha,Singh
dgupta,114!10@1,Dinesh,Gupta
vsharma,221!cb@1,Vikram,Sharma
syadav,52a!6b@1,Suresh,Yadav
nverma,878!83@1,Neha,Verma
syadav,52a!6b@1,Sunita,Yadav
smishra,59d!5a@1,Suresh,Mishra
pjain,Aba!fe@1,Priya,Jain
rverma,852!90@1,Rajesh,Verma
sgupta,5de!f7@1,Suresh,Gupta
dgupta,114!10@1,Dinesh,Gupta
dsharma,6fb!eb@1,Dinesh,Sharma
pmishra,1a6!96@1,Pooja,Mishra
mkumar,673!86@1,Meera,Kumar
dmishra,9e8!d6@1,Divya,Mishra
pjain,Aba!fe@1,Priya,Jain
syadav,52a!6b@1,Suresh,Yadav
rgupta,E08!18@1,Rohit,Gupta
ryadav,541!79@1,Rekha,Yadav
dyadav,C43!f1@1,Dinesh,Yadav
ayadav,3a4!dc@1,Ankit,Yadav
pgupta,475!81@1,Pooja,Gupta
rchoudhary,81a!d4@1,Rajesh,Choudhary
apatel,45a!6d@1,Amit,Patel
rjain,F27!4f@1,Rajesh,Jain
rchoudhary,81a!d4@1,Rekha,Choudhary
rjain,F27!4f@1,Rekha,Jain
vverma,A66!08@1,Vikram,Verma
dmishra,9e8!d6@1,Dinesh,Mishra
rmishra,43d!7a@1,Rahul,Mishra
vsingh,024!3a@1,Vivek,Singh
pmishra,1a6!96@1,Pooja,Mishra
rgupta,E08!18@1,Rajesh,Gupta
vkumar,2bc!e6@1,Vivek,Kumar
rsharma,83c!4b@1,Rohit,Sharma
asingh,62f!86@1,Amit,Singh
psharma,Fde!83@1,Priya,Sharma
rjain,F27!4f@1,Rajesh,Jain
vsharma,221!cb@1,Vivek,Sharma
asharma,C5e!2e@1,Anjali,Sharma
ssingh,C39!23@1,Sneha,Singh
pverma,7d8!53@1,Priya,Verma
ryadav,541!79@1,Rahul,Yadav
vmishra,672!e3@1,Vikram,Mishra
smishra,59d!5a@1,Suresh,Mishra
vgupta,537!9f@1,Vikram,Gupta
rsingh,C7d!6f@1,Rahul,Singh
pgupta,475!81@1,Priya,Gupta
vkumar,2bc!e6@1,Vivek,Kumar
rkumar,243!27@1,Rekha,Kumar
agupta,Efb!af@1,Amit,Gupta
ssingh,C39!23@1,Sneha,Singh
agupta,Efb!af@1,Anjali,Gupta
smishra,59d!5a@1,Sneha,Mishra
rchoudhary,81a!d4@1,Rohit,Choudhary
ppatel,74e!20@1,Priya,Patel
rsharma,83c!4b@1,Rekha,Sharma
kpatel,4e7!9d@1,Kavita,Patel
dsingh,2bd!78@1,Dinesh,Singh
rpatel,Dd4!55@1,Rekha,Patel
dkumar,8b6!80@1,Dinesh,Kumar
ajain,477!28@1,Amit,Jain
ssharma,Aed!ae@1,Sneha,Sharma
pyadav,F0f!1b@1,Prakash,Yadav
rsingh,C7d!6f@1,Rohit,Singh
dsharma,6fb!eb@1,Divya,Sharma
rpatel,Dd4!55@1,Rekha,Patel
skumar,Cdf!a6@1,Suresh,Kumar
averma,A1e!65@1,Anjali,Verma
vchoudhary,840!c2@1,Vivek,Choudhary
dyadav,C43!f1@1,Divya,Yadav
pchoudhary,24d!79@1,Prakash,Choudhary
ssharma,Aed!ae@1,Suresh,Sharma
skumar,Cdf!a6@1,Sunita,Kumar
dkumar,8b6!80@1,Divya,Kumar
rpatel,Dd4!55@1,Rekha,Patel
pmishra,1a6!96@1,Pooja,Mishra
ppatel,74e!20@1,Prakash,Patel
vmishra,672!e3@1,Vivek,Mishra
smishra,59d!5a@1,Sneha,Mishra
pyadav,F0f!1b@1,Priya,Yadav
vpatel,A8f!aa@1,Vikram,Patel
rverma,852!90@1,Rajesh,Verma
agupta,Efb!af@1,Amit,Gupta
pgupta,475!81@1,Priya,Gupta
rpatel,Dd4!55@1,Rohit,Patel
kpatel,4e7!9d@1,Kavita,Patel
