Department,Gender,HSC,SSC,Income,Hometown,Computer,Preparation,Gaming,Job,English,Extra,HSC_SSC_ratio,Predicted_Dropout,Dropout_Probability
Business Administration,Male,4.17,4.84,"Low (Below 15,000)",Village,3,More than 3 Hours,0-1 Hour,No,3,Yes,0.8615702479338843,0,0.11259850861288993
Business Administration,Female,4.92,5.0,"Upper middle (30,000-50,000)",City,3,0-1 Hour,0-1 Hour,No,3,Yes,0.984,0,0.23415647433528405
Business Administration,Male,5.0,4.83,"Lower middle (15,000-30,000)",Village,3,0-1 Hour,More than 3 Hours,No,4,Yes,1.0351966873706004,1,0.7403219994880329
Business Administration,Male,4.0,4.5,"High (Above 50,000)",City,5,More than 3 Hours,More than 3 Hours,No,5,Yes,0.8888888888888888,0,0.2632819958467782
Business Administration,Female,2.19,3.17,"Lower middle (15,000-30,000)",Village,3,0-1 Hour,2-3 Hours,No,3,Yes,0.6908517350157729,0,0.23415647433528405
Computer Science and Engineering,Male,4.75,4.05,"Lower middle (15,000-30,000)",Village,3,0-1 Hour,More than 3 Hours,No,4,No,1.1728395061728396,1,0.7403219994880329
Computer Science and Engineering,Male,4.42,5.0,"High (Above 50,000)",Village,4,0-1 Hour,More than 3 Hours,No,2,No,0.884,1,0.7403219994880329
Computer Science and Engineering,Male,4.5,4.81,"Upper middle (30,000-50,000)",City,3,2-3 Hours,More than 3 Hours,No,4,Yes,0.9355509355509356,0,0.42562379081282053
Computer Science and Engineering,Male,3.32,4.5,"Low (Below 15,000) ",City,4,0-1 Hour,More than 3 Hours,No,3,Yes,0.7377777777777778,0,0.4619330628376497
Computer Science and Engineering,Female,3.33,4.95,"Lower middle (15,000-30,000) ",City,3,0-1 Hour,More than 3 Hours,No,4,No,0.6727272727272727,1,0.7403219994880329
Computer Science and Engineering,Male,4.17,5.0,"Lower middle (15,000-30,000)",Village,3,0-1 Hour,More than 3 Hours,No,4,No,0.834,1,0.7403219994880329
Computer Science and Engineering,Male,3.58,4.56,"Upper middle (30,000-50,000)",Village,4,0-1 Hour,More than 3 Hours,No,4,No,0.7850877192982457,1,0.7403219994880329
Computer Science and Engineering,Male,4.5,4.75,"Lower middle (15,000-30,000)",Village,1,0-1 Hour,More than 3 Hours,No,2,Yes,0.9473684210526315,1,0.7403219994880329
Computer Science and Engineering,Male,4.5,4.75,"Upper middle (30,000-50,000)",Village,1,0-1 Hour,More than 3 Hours,No,2,No,0.9473684210526315,1,0.7403219994880329
Computer Science and Engineering,Male,3.83,5.0,"Low (Below 15,000)",Village,2,0-1 Hour,More than 3 Hours,No,4,No,0.766,1,0.7403219994880329
Computer Science and Engineering,Male,4.33,4.64,"Lower middle (15,000-30,000) ",City,5,0-1 Hour,More than 3 Hours,No,4,No,0.9331896551724139,1,0.7403219994880329
Computer Science and Engineering,Female,4.51,4.75,"Lower middle (15,000-30,000)",Village,1,0-1 Hour,More than 3 Hours,No,2,Yes,0.9494736842105262,1,0.7403219994880329
Computer Science and Engineering,Male,4.5,4.75,"Lower middle (15,000-30,000)",Village,1,0-1 Hour,More than 3 Hours,No,2,No,0.9473684210526315,1,0.7403219994880329
Computer Science and Engineering,Male,3.92,4.72,"High (Above 50,000)",Village,3,0-1 Hour,More than 3 Hours,No,2,No,0.8305084745762712,1,0.7403219994880329
Computer Science and Engineering,Male,3.92,5.0,"High (Above 50,000)",Village,4,0-1 Hour,More than 3 Hours,No,2,Yes,0.784,1,0.7403219994880329
Computer Science and Engineering,Male,4.08,5.0,"Low (Below 15,000)",Village,3,0-1 Hour,More than 3 Hours,No,2,No,0.8160000000000001,1,0.7403219994880329
Computer Science and Engineering,Male,3.67,4.86,"Lower middle (15,000-30,000)",City,2,0-1 Hour,0-1 Hour,No,3,Yes,0.7551440329218106,0,0.23415647433528405
Computer Science and Engineering,Male,4.0,5.0,"Lower middle (15,000-30,000)",City,3,0-1 Hour,More than 3 Hours,No,2,No,0.8,1,0.7403219994880329
Computer Science and Engineering,Male,3.75,4.73,"Upper middle (30,000-50,000)",Village,5,0-1 Hour,More than 3 Hours,No,4,Yes,0.7928118393234671,1,0.7403219994880329
Computer Science and Engineering,Male,3.5,5.0,"Upper middle (30,000-50,000)",City,1,0-1 Hour,More than 3 Hours,No,4,No,0.7,1,0.7403219994880329
Computer Science and Engineering,Male,4.2,5.0,"Upper middle (30,000-50,000)",City,4,0-1 Hour,More than 3 Hours,No,4,No,0.8400000000000001,1,0.7403219994880329
Computer Science and Engineering,Female,4.58,4.94,"High (Above 50,000)",Village,3,0-1 Hour,More than 3 Hours,No,4,No,0.9271255060728745,1,0.7403219994880329
Computer Science and Engineering,Male,3.0,4.06,"Low (Below 15,000)",Village,3,0-1 Hour,More than 3 Hours,No,4,No,0.7389162561576356,1,0.7403219994880329
Computer Science and Engineering,Male,4.17,5.0,"Lower middle (15,000-30,000)",City,3,2-3 Hours,More than 3 Hours,No,3,No,0.834,0,0.2608696303986161
Computer Science and Engineering,Male,4.42,5.0,"Lower middle (15,000-30,000)",City,3,0-1 Hour,0-1 Hour,No,2,No,0.884,0,0.4002818969927386
Computer Science and Engineering,Male,4.0,4.78,"Low (Below 15,000)",Village,3,2-3 Hours,More than 3 Hours,No,4,Yes,0.8368200836820083,0,0.42562379081282053
Computer Science and Engineering,Male,4.5,4.75,"Low (Below 15,000) ",Village,1,0-1 Hour,More than 3 Hours,No,2,No,0.9473684210526315,1,0.7403219994880329
Computer Science and Engineering,Male,4.5,4.75,"Lower middle (15,000-30,000)",Village,1,0-1 Hour,More than 3 Hours,No,2,No,0.9473684210526315,1,0.7403219994880329
Computer Science and Engineering,Male,3.5,4.78,"High (Above 50,000)",Village,2,0-1 Hour,More than 3 Hours,No,4,No,0.7322175732217573,1,0.7403219994880329
Computer Science and Engineering,Male,3.82,5.0,"Lower middle (15,000-30,000)",City,4,2-3 Hours,More than 3 Hours,No,4,No,0.764,0,0.42562379081282053
Computer Science and Engineering,Male,4.5,5.0,"High (Above 50,000)",Village,4,0-1 Hour,More than 3 Hours,Yes,4,No,0.9,1,0.7403219994880329
Computer Science and Engineering,Female,4.58,3.96,"Upper middle (30,000-50,000)",City,3,0-1 Hour,More than 3 Hours,No,4,No,1.1565656565656566,1,0.7403219994880329
Computer Science and Engineering,Male,3.23,4.33,"Low (Below 15,000)",City,3,0-1 Hour,More than 3 Hours,No,4,No,0.745958429561201,1,0.7403219994880329
Computer Science and Engineering,Male,2.17,4.33,"Upper middle (30,000-50,000)",Village,1,0-1 Hour,More than 3 Hours,No,4,No,0.5011547344110854,1,0.7403219994880329
Computer Science and Engineering,Male,3.67,4.28,"Upper middle (30,000-50,000)",City,5,0-1 Hour,More than 3 Hours,No,4,Yes,0.8574766355140186,1,0.7403219994880329
Computer Science and Engineering,Male,3.8,4.94,"Lower middle (15,000-30,000)",Village,3,0-1 Hour,More than 3 Hours,No,4,No,0.7692307692307692,1,0.7403219994880329
Computer Science and Engineering,Male,3.25,4.94,"High (Above 50,000)",Village,3,0-1 Hour,More than 3 Hours,No,4,No,0.6578947368421052,1,0.7403219994880329
Computer Science and Engineering,Female,4.5,4.75,"High (Above 50,000)",Village,1,2-3 Hours,More than 3 Hours,No,4,Yes,0.9473684210526315,0,0.42562379081282053
Computer Science and Engineering,Male,4.0,4.72,"Upper middle (30,000-50,000)",Village,3,0-1 Hour,More than 3 Hours,No,4,No,0.8474576271186441,1,0.7403219994880329
Computer Science and Engineering,Male,3.42,4.78,"Lower middle (15,000-30,000)",Village,2,0-1 Hour,More than 3 Hours,No,4,No,0.7154811715481171,1,0.7403219994880329
Computer Science and Engineering,Male,4.0,5.0,"High (Above 50,000)",Village,2,2-3 Hours,More than 3 Hours,No,3,Yes,0.8,0,0.2608696303986161
Computer Science and Engineering,Male,3.33,4.19,"High (Above 50,000)",Village,4,0-1 Hour,More than 3 Hours,No,4,No,0.7947494033412887,1,0.7403219994880329
Computer Science and Engineering,Male,4.25,4.38,"High (Above 50,000) ",City,3,2-3 Hours,More than 3 Hours,No,4,Yes,0.9703196347031964,0,0.42562379081282053
Computer Science and Engineering,Male,3.75,5.0,"Lower middle (15,000-30,000)",City,3,0-1 Hour,More than 3 Hours,No,3,No,0.75,0,0.4619330628376497
Computer Science and Engineering,Female,3.58,5.0,"Lower middle (15,000-30,000)",Village,4,0-1 Hour,More than 3 Hours,No,4,No,0.716,1,0.7403219994880329
Computer Science and Engineering,Male,4.25,5.0,"High (Above 50,000)",Village,4,0-1 Hour,More than 3 Hours,No,4,No,0.85,1,0.7403219994880329
Computer Science and Engineering,Female,4.5,4.75,"Upper middle (30,000-50,000)",Village,1,More than 3 Hours,More than 3 Hours,No,3,No,0.9473684210526315,0,0.2608696303986161
Computer Science and Engineering,Female,3.83,4.94,"High (Above 50,000)",Village,1,0-1 Hour,More than 3 Hours,No,4,No,0.7753036437246963,1,0.7403219994880329
Computer Science and Engineering,Male,3.08,4.22,"Lower middle (15,000-30,000)",Village,1,0-1 Hour,More than 3 Hours,No,4,No,0.7298578199052134,1,0.7403219994880329
Computer Science and Engineering,Male,3.67,4.91,"Upper middle (30,000-50,000)",City,2,0-1 Hour,More than 3 Hours,No,4,No,0.7474541751527495,1,0.7403219994880329
Computer Science and Engineering,Male,5.0,4.75,"High (Above 50,000)",City,3,0-1 Hour,More than 3 Hours,Yes,4,No,1.0526315789473684,1,0.7403219994880329
Computer Science and Engineering,Male,4.56,4.82,"Lower middle (15,000-30,000)",Village,5,0-1 Hour,More than 3 Hours,No,4,Yes,0.9460580912863069,1,0.7403219994880329
Computer Science and Engineering,Male,5.0,4.72,"High (Above 50,000)",Village,4,0-1 Hour,More than 3 Hours,No,5,Yes,1.0593220338983051,0,0.46434542828581177
Computer Science and Engineering,Male,3.92,5.0,"Lower middle (15,000-30,000)",Village,4,0-1 Hour,More than 3 Hours,No,4,No,0.784,1,0.7403219994880329
Computer Science and Engineering,Male,4.42,4.32,"Upper middle (30,000-50,000)",Village,2,0-1 Hour,More than 3 Hours,No,4,No,1.0231481481481481,1,0.7403219994880329
Computer Science and Engineering,Female,3.42,4.14,"High (Above 50,000)",City,4,0-1 Hour,More than 3 Hours,No,4,No,0.8260869565217391,1,0.7403219994880329
Computer Science and Engineering,Female,4.0,5.0,"High (Above 50,000)",Village,3,0-1 Hour,More than 3 Hours,No,4,No,0.8,1,0.7403219994880329
Computer Science and Engineering,Female,4.5,4.75,"Lower middle (15,000-30,000)",Village,1,2-3 Hours,More than 3 Hours,No,2,No,0.9473684210526315,0,0.42562379081282053
Computer Science and Engineering,Male,4.17,4.82,"Lower middle (15,000-30,000)",Village,3,0-1 Hour,More than 3 Hours,No,4,No,0.8651452282157676,1,0.7403219994880329
Computer Science and Engineering,Male,4.0,5.0,"Lower middle (15,000-30,000)",City,3,0-1 Hour,More than 3 Hours,No,3,No,0.8,0,0.4619330628376497
Computer Science and Engineering,Male,4.86,5.0,"Lower middle (15,000-30,000)",City,4,0-1 Hour,More than 3 Hours,Yes,3,No,0.9720000000000001,0,0.4619330628376497
Computer Science and Engineering,Male,4.5,4.75,"Lower middle (15,000-30,000)",Village,1,2-3 Hours,More than 3 Hours,No,3,No,0.9473684210526315,0,0.2608696303986161
Computer Science and Engineering,Male,3.63,4.91,"Lower middle (15,000-30,000)",City,5,2-3 Hours,More than 3 Hours,No,4,No,0.7393075356415478,0,0.42562379081282053
Computer Science and Engineering,Male,2.25,4.28,"Low (Below 15,000)",City,5,2-3 Hours,0-1 Hour,Yes,5,Yes,0.5257009345794392,0,0.11236723977458427
Computer Science and Engineering,Male,2.92,4.75,"Lower middle (15,000-30,000)",City,5,0-1 Hour,More than 3 Hours,Yes,4,No,0.6147368421052631,1,0.7403219994880329
Computer Science and Engineering,Male,4.33,5.0,"High (Above 50,000) ",Village,3,0-1 Hour,More than 3 Hours,No,4,No,0.866,1,0.7403219994880329
Computer Science and Engineering,Male,4.5,4.75,"Lower middle (15,000-30,000)",Village,1,2-3 Hours,More than 3 Hours,No,3,Yes,0.9473684210526315,0,0.2608696303986161
Computer Science and Engineering,Male,5.0,4.78,"High (Above 50,000)",City,3,0-1 Hour,2-3 Hours,No,3,Yes,1.0460251046025104,0,0.23415647433528405
Computer Science and Engineering,Female,3.16,4.19,"Upper middle (30,000-50,000)",Village,1,2-3 Hours,More than 3 Hours,Yes,4,No,0.7541766109785203,0,0.42562379081282053
Computer Science and Engineering,Male,4.67,5.0,"High (Above 50,000)",City,3,0-1 Hour,More than 3 Hours,No,4,No,0.9339999999999999,1,0.7403219994880329
Computer Science and Engineering,Male,3.67,4.82,"Lower middle (15,000-30,000)",Village,1,0-1 Hour,More than 3 Hours,No,4,No,0.7614107883817427,1,0.7403219994880329
Computer Science and Engineering,Male,3.75,4.11,"Lower middle (15,000-30,000)",Village,4,0-1 Hour,More than 3 Hours,No,4,No,0.9124087591240875,1,0.7403219994880329
Computer Science and Engineering,Male,4.5,3.61,"Low (Below 15,000)",Village,4,More than 3 Hours,More than 3 Hours,No,4,Yes,1.2465373961218837,0,0.42562379081282053
Computer Science and Engineering,Male,2.94,4.39,"High (Above 50,000) ",Village,4,0-1 Hour,More than 3 Hours,No,4,No,0.6697038724373576,1,0.7403219994880329
Computer Science and Engineering,Male,3.59,5.0,"Low (Below 15,000)",Village,2,0-1 Hour,More than 3 Hours,No,4,No,0.718,1,0.7403219994880329
Computer Science and Engineering,Male,3.0,4.33,"High (Above 50,000)",Village,1,0-1 Hour,More than 3 Hours,No,4,No,0.6928406466512702,1,0.7403219994880329
Computer Science and Engineering,Male,3.67,5.0,"Lower middle (15,000-30,000) ",City,3,0-1 Hour,More than 3 Hours,No,4,No,0.734,1,0.7403219994880329
Computer Science and Engineering,Male,4.08,5.0,"High (Above 50,000) ",City,3,0-1 Hour,More than 3 Hours,No,4,No,0.8160000000000001,1,0.7403219994880329
Computer Science and Engineering,Male,4.33,5.0,"Low (Below 15,000)",Village,4,0-1 Hour,More than 3 Hours,No,4,No,0.866,1,0.7403219994880329
Computer Science and Engineering,Male,5.0,5.0,"Lower middle (15,000-30,000)",City,4,0-1 Hour,More than 3 Hours,Yes,4,No,1.0,1,0.7403219994880329
Computer Science and Engineering,Male,3.92,5.0,"Upper middle (30,000-50,000)",City,3,0-1 Hour,More than 3 Hours,No,4,No,0.784,1,0.7403219994880329
Computer Science and Engineering,Female,5.0,5.0,"Lower middle (15,000-30,000)",Village,3,More than 3 Hours,More than 3 Hours,Yes,3,Yes,1.0,0,0.2608696303986161
Computer Science and Engineering,Male,5.0,5.0,"Lower middle (15,000-30,000)",City,3,2-3 Hours,2-3 Hours,Yes,3,Yes,1.0,0,0.11259850861288993
Computer Science and Engineering,Male,3.92,5.0,"Lower middle (15,000-30,000)",Village,1,0-1 Hour,More than 3 Hours,No,3,Yes,0.784,0,0.4619330628376497
Computer Science and Engineering,Male,4.3,4.75,"Lower middle (15,000-30,000)",Village,4,0-1 Hour,More than 3 Hours,No,4,No,0.9052631578947368,1,0.7403219994880329
Computer Science and Engineering,Female,4.0,5.0,"High (Above 50,000) ",City,4,0-1 Hour,More than 3 Hours,No,4,No,0.8,1,0.7403219994880329
Computer Science and Engineering,Male,4.0,4.13,"Lower middle (15,000-30,000)",Village,4,0-1 Hour,More than 3 Hours,No,4,No,0.9685230024213075,1,0.7403219994880329
Computer Science and Engineering,Male,4.95,5.0,"Lower middle (15,000-30,000)",City,4,0-1 Hour,More than 3 Hours,No,4,No,0.99,1,0.7403219994880329
Computer Science and Engineering,Male,4.44,4.38,"Upper middle (30,000-50,000)",City,3,0-1 Hour,More than 3 Hours,No,4,No,1.0136986301369864,1,0.7403219994880329
Computer Science and Engineering,Male,3.75,5.0,"Upper middle (30,000-50,000)",City,5,0-1 Hour,More than 3 Hours,No,4,No,0.75,1,0.7403219994880329
Computer Science and Engineering,Male,3.58,4.61,"Low (Below 15,000)",City,5,0-1 Hour,More than 3 Hours,No,4,No,0.7765726681127982,1,0.7403219994880329
Computer Science and Engineering,Female,4.0,4.89,"High (Above 50,000)",City,3,0-1 Hour,More than 3 Hours,No,4,No,0.8179959100204499,1,0.7403219994880329
Computer Science and Engineering,Female,4.67,5.0,"High (Above 50,000)",City,3,0-1 Hour,More than 3 Hours,No,4,No,0.9339999999999999,1,0.7403219994880329
Computer Science and Engineering,Female,4.5,4.5,"Upper middle (30,000-50,000)",City,1,0-1 Hour,More than 3 Hours,Yes,4,No,1.0,1,0.7403219994880329
Computer Science and Engineering,Male,4.25,4.94,"Low (Below 15,000) ",Village,5,0-1 Hour,More than 3 Hours,No,4,Yes,0.8603238866396761,1,0.7403219994880329
Computer Science and Engineering,Male,4.0,4.5,"Lower middle (15,000-30,000)",Village,3,0-1 Hour,More than 3 Hours,No,4,No,0.8888888888888888,1,0.7403219994880329
Computer Science and Engineering,Female,3.25,4.17,"Lower middle (15,000-30,000)",City,5,0-1 Hour,More than 3 Hours,No,4,No,0.7793764988009593,1,0.7403219994880329
Computer Science and Engineering,Male,2.67,4.11,"Upper middle (30,000-50,000)",Village,5,0-1 Hour,More than 3 Hours,Yes,4,No,0.6496350364963503,1,0.7403219994880329
Computer Science and Engineering,Male,4.42,4.44,"Lower middle (15,000-30,000)  ",Village,3,0-1 Hour,More than 3 Hours,No,4,No,0.9954954954954954,1,0.7403219994880329
Computer Science and Engineering,Male,4.75,5.0,"Low (Below 15,000) ",Village,5,0-1 Hour,More than 3 Hours,No,4,Yes,0.95,1,0.7403219994880329
Computer Science and Engineering,Male,3.75,4.78,"Upper middle (30,000-50,000)",City,5,0-1 Hour,More than 3 Hours,No,4,Yes,0.7845188284518828,1,0.7403219994880329
Computer Science and Engineering,Male,3.5,5.0,"High (Above 50,000)",Village,1,0-1 Hour,More than 3 Hours,No,4,No,0.7,1,0.7403219994880329
Computer Science and Engineering,Female,3.33,4.59,"High (Above 50,000)",City,5,0-1 Hour,More than 3 Hours,No,4,No,0.7254901960784315,1,0.7403219994880329
Computer Science and Engineering,Male,4.0,4.89,"High (Above 50,000)",City,3,0-1 Hour,More than 3 Hours,No,4,No,0.8179959100204499,1,0.7403219994880329
Computer Science and Engineering,Male,3.67,4.77,"High (Above 50,000)",City,3,0-1 Hour,More than 3 Hours,No,4,No,0.769392033542977,1,0.7403219994880329
Computer Science and Engineering,Male,4.25,5.0,"Upper middle (30,000-50,000)",Village,1,0-1 Hour,More than 3 Hours,No,4,No,0.85,1,0.7403219994880329
Computer Science and Engineering,Female,4.17,5.0,"Lower middle (15,000-30,000)",Village,3,0-1 Hour,More than 3 Hours,No,4,No,0.834,1,0.7403219994880329
Computer Science and Engineering,Female,3.67,4.73,"Lower middle (15,000-30,000)",City,2,0-1 Hour,More than 3 Hours,No,4,No,0.7758985200845665,1,0.7403219994880329
Computer Science and Engineering,Female,4.08,5.0,"High (Above 50,000) ",Village,3,0-1 Hour,More than 3 Hours,No,4,No,0.8160000000000001,1,0.7403219994880329
Computer Science and Engineering,Male,4.5,5.0,"Upper middle (30,000-50,000)",City,1,0-1 Hour,0-1 Hour,No,1,No,0.9,0,0.3519998332636034
Computer Science and Engineering,Male,3.5,4.83,"Lower middle (15,000-30,000)",Village,5,0-1 Hour,More than 3 Hours,No,4,Yes,0.7246376811594203,1,0.7403219994880329
Computer Science and Engineering,Male,3.25,4.36,"Low (Below 15,000)",Village,5,0-1 Hour,More than 3 Hours,No,4,Yes,0.7454128440366972,1,0.7403219994880329
Computer Science and Engineering,Female,3.34,4.69,"Lower middle (15,000-30,000) ",Village,5,0-1 Hour,More than 3 Hours,No,4,Yes,0.7121535181236673,1,0.7403219994880329
Computer Science and Engineering,Female,4.08,5.0,"Upper middle (30,000-50,000)",Village,4,0-1 Hour,More than 3 Hours,No,4,No,0.8160000000000001,1,0.7403219994880329
Computer Science and Engineering,Male,4.08,5.0,"High (Above 50,000)",Village,4,0-1 Hour,More than 3 Hours,No,4,No,0.8160000000000001,1,0.7403219994880329
Computer Science and Engineering,Male,3.42,4.33,"Upper middle (30,000-50,000)",City,5,0-1 Hour,More than 3 Hours,No,4,No,0.789838337182448,1,0.7403219994880329
Computer Science and Engineering,Female,4.5,4.75,"Lower middle (15,000-30,000)",Village,3,More than 3 Hours,More than 3 Hours,No,2,No,0.9473684210526315,0,0.42562379081282053
Computer Science and Engineering,Female,4.42,4.23,"Lower middle (15,000-30,000)",Village,3,0-1 Hour,More than 3 Hours,No,4,No,1.044917257683215,1,0.7403219994880329
Computer Science and Engineering,Female,3.5,4.73,"Lower middle (15,000-30,000)",City,2,0-1 Hour,More than 3 Hours,No,4,No,0.7399577167019027,1,0.7403219994880329
Computer Science and Engineering,Male,3.58,4.68,"Lower middle (15,000-30,000)",City,1,0-1 Hour,More than 3 Hours,No,4,No,0.764957264957265,1,0.7403219994880329
Computer Science and Engineering,Male,4.67,5.0,"Lower middle (15,000-30,000)",City,3,0-1 Hour,More than 3 Hours,No,3,No,0.9339999999999999,0,0.4619330628376497
Computer Science and Engineering,Male,4.57,4.95,"Lower middle (15,000-30,000)",City,3,0-1 Hour,More than 3 Hours,No,3,No,0.9232323232323233,0,0.4619330628376497
Computer Science and Engineering,Female,4.17,5.0,"Lower middle (15,000-30,000)",City,5,0-1 Hour,More than 3 Hours,No,4,No,0.834,1,0.7403219994880329
Computer Science and Engineering,Female,3.75,4.69,"Lower middle (15,000-30,000)",City,4,0-1 Hour,More than 3 Hours,No,4,No,0.7995735607675906,1,0.7403219994880329
Computer Science and Engineering,Male,4.25,5.0,"Upper middle (30,000-50,000)",Village,4,0-1 Hour,More than 3 Hours,No,4,No,0.85,1,0.7403219994880329
Computer Science and Engineering,Female,4.17,4.61,"Lower middle (15,000-30,000)",City,3,0-1 Hour,More than 3 Hours,No,3,No,0.9045553145336225,0,0.4619330628376497
Computer Science and Engineering,Female,4.67,5.0,"Lower middle (15,000-30,000)",Village,2,0-1 Hour,More than 3 Hours,No,4,No,0.9339999999999999,1,0.7403219994880329
Computer Science and Engineering,Female,3.83,5.0,"Lower middle (15,000-30,000)",City,3,0-1 Hour,More than 3 Hours,No,3,No,0.766,0,0.4619330628376497
Computer Science and Engineering,Male,4.08,4.78,"High (Above 50,000)",Village,3,0-1 Hour,More than 3 Hours,No,4,No,0.8535564853556485,1,0.7403219994880329
Computer Science and Engineering,Male,3.58,4.88,"High (Above 50,000)",Village,2,0-1 Hour,More than 3 Hours,No,4,No,0.7336065573770492,1,0.7403219994880329
Computer Science and Engineering,Male,4.0,4.7,"Low (Below 15,000)",Village,1,0-1 Hour,2-3 Hours,No,3,Yes,0.851063829787234,0,0.23415647433528405
Computer Science and Engineering,Male,4.58,4.0,"High (Above 50,000)",Village,3,0-1 Hour,More than 3 Hours,No,4,No,1.145,1,0.7403219994880329
Computer Science and Engineering,Male,4.1,3.75,"Lower middle (15,000-30,000)",City,4,0-1 Hour,More than 3 Hours,No,4,No,1.0933333333333333,1,0.7403219994880329
Computer Science and Engineering,Male,3.33,4.61,"High (Above 50,000) ",Village,3,0-1 Hour,More than 3 Hours,No,4,No,0.7223427331887201,1,0.7403219994880329
Computer Science and Engineering,Male,3.67,3.06,"High (Above 50,000)",Village,5,0-1 Hour,More than 3 Hours,No,4,Yes,1.1993464052287581,1,0.7403219994880329
Computer Science and Engineering,Male,4.17,4.61,"Upper middle (30,000-50,000)",City,5,0-1 Hour,More than 3 Hours,No,4,No,0.9045553145336225,1,0.7403219994880329
Computer Science and Engineering,Female,3.83,5.0,"Lower middle (15,000-30,000)",Village,4,0-1 Hour,More than 3 Hours,No,4,No,0.766,1,0.7403219994880329
Computer Science and Engineering,Male,4.67,4.75,"High (Above 50,000) ",Village,3,0-1 Hour,More than 3 Hours,No,4,No,0.9831578947368421,1,0.7403219994880329
Computer Science and Engineering,Male,4.5,4.28,"Lower middle (15,000-30,000)",Village,3,0-1 Hour,More than 3 Hours,No,4,No,1.0514018691588785,1,0.7403219994880329
Computer Science and Engineering,Male,4.33,5.0,"High (Above 50,000)",City,5,0-1 Hour,More than 3 Hours,No,4,No,0.866,1,0.7403219994880329
Computer Science and Engineering,Male,3.17,4.67,"High (Above 50,000)  ",Village,4,0-1 Hour,More than 3 Hours,No,4,No,0.6788008565310493,1,0.7403219994880329
Computer Science and Engineering,Female,4.5,4.56,"Upper middle (30,000-50,000)",City,3,0-1 Hour,More than 3 Hours,No,4,No,0.986842105263158,1,0.7403219994880329
Computer Science and Engineering,Female,3.76,4.0,"High (Above 50,000)",Village,4,0-1 Hour,More than 3 Hours,No,4,No,0.94,1,0.7403219994880329
Computer Science and Engineering,Male,2.59,4.88,"High (Above 50,000) ",City,5,0-1 Hour,More than 3 Hours,No,4,No,0.5307377049180327,1,0.7403219994880329
Computer Science and Engineering,Male,3.33,3.78,"Lower middle (15,000-30,000)",Village,4,0-1 Hour,More than 3 Hours,No,4,No,0.880952380952381,1,0.7403219994880329
Computer Science and Engineering,Female,4.5,5.0,"Lower middle (15,000-30,000)",Village,5,0-1 Hour,More than 3 Hours,No,4,Yes,0.9,1,0.7403219994880329
Computer Science and Engineering,Male,4.17,4.61,"Lower middle (15,000-30,000)",Village,3,0-1 Hour,More than 3 Hours,No,4,No,0.9045553145336225,1,0.7403219994880329
Computer Science and Engineering,Female,4.42,5.0,"Lower middle (15,000-30,000)",City,3,0-1 Hour,More than 3 Hours,No,3,No,0.884,0,0.4619330628376497
Computer Science and Engineering,Male,3.85,5.0,"Lower middle (15,000-30,000)",City,4,0-1 Hour,More than 3 Hours,No,4,No,0.77,1,0.7403219994880329
Computer Science and Engineering,Male,3.92,5.0,"High (Above 50,000)",Village,2,0-1 Hour,More than 3 Hours,No,4,No,0.784,1,0.7403219994880329
Computer Science and Engineering,Female,4.0,5.0,"High (Above 50,000) ",Village,4,0-1 Hour,More than 3 Hours,No,4,No,0.8,1,0.7403219994880329
Computer Science and Engineering,Male,3.33,4.89,"Low (Below 15,000)",Village,2,0-1 Hour,More than 3 Hours,No,4,No,0.6809815950920246,1,0.7403219994880329
Computer Science and Engineering,Male,3.92,4.73,"Lower middle (15,000-30,000)",Village,3,0-1 Hour,More than 3 Hours,No,4,No,0.828752642706131,1,0.7403219994880329
Computer Science and Engineering,Female,3.42,4.68,"High (Above 50,000)  ",Village,2,0-1 Hour,More than 3 Hours,No,4,No,0.7307692307692308,1,0.7403219994880329
Computer Science and Engineering,Male,4.5,4.75,"Lower middle (15,000-30,000)",Village,1,2-3 Hours,More than 3 Hours,No,4,Yes,0.9473684210526315,0,0.42562379081282053
Computer Science and Engineering,Female,4.5,5.0,"High (Above 50,000)",City,3,2-3 Hours,More than 3 Hours,No,3,Yes,0.9,0,0.2608696303986161
Computer Science and Engineering,Male,5.0,5.0,"Lower middle (15,000-30,000)",Village,3,0-1 Hour,More than 3 Hours,No,4,No,1.0,1,0.7403219994880329
Computer Science and Engineering,Male,5.0,5.0,"Upper middle (30,000-50,000)",City,3,0-1 Hour,0-1 Hour,No,4,Yes,1.0,0,0.4002818969927386
Computer Science and Engineering,Female,5.0,5.0,"Upper middle (30,000-50,000)",City,3,0-1 Hour,2-3 Hours,No,3,No,1.0,0,0.23415647433528405
Computer Science and Engineering,Female,4.5,4.75,"Lower middle (15,000-30,000)",Village,1,More than 3 Hours,More than 3 Hours,No,4,No,0.9473684210526315,0,0.42562379081282053
Computer Science and Engineering,Male,3.08,4.68,"High (Above 50,000) ",Village,3,0-1 Hour,More than 3 Hours,No,4,No,0.6581196581196582,1,0.7403219994880329
Computer Science and Engineering,Female,3.92,5.0,"High (Above 50,000) ",City,5,0-1 Hour,More than 3 Hours,No,4,No,0.784,1,0.7403219994880329
Computer Science and Engineering,Male,3.67,4.68,"High (Above 50,000) ",City,3,0-1 Hour,More than 3 Hours,No,4,No,0.7841880341880342,1,0.7403219994880329
Computer Science and Engineering,Female,3.92,5.0,"Upper middle (30,000-50,000)",City,4,0-1 Hour,More than 3 Hours,No,4,No,0.784,1,0.7403219994880329
Computer Science and Engineering,Female,3.53,5.0,"Lower middle (15,000-30,000) ",City,2,0-1 Hour,More than 3 Hours,No,4,No,0.706,1,0.7403219994880329
Computer Science and Engineering,Male,3.83,4.73,"High (Above 50,000) ",Village,3,2-3 Hours,More than 3 Hours,No,5,Yes,0.8097251585623678,0,0.2632819958467782
Computer Science and Engineering,Female,2.93,4.71,"Upper middle (30,000-50,000)",Village,4,2-3 Hours,More than 3 Hours,No,3,Yes,0.6220806794055203,0,0.2608696303986161
Computer Science and Engineering,Male,3.5,5.0,"High (Above 50,000)",City,5,2-3 Hours,More than 3 Hours,No,3,Yes,0.7,0,0.2608696303986161
Computer Science and Engineering,Male,5.0,5.0,"Lower middle (15,000-30,000)",Village,4,2-3 Hours,More than 3 Hours,No,3,Yes,1.0,0,0.2608696303986161
Computer Science and Engineering,Male,4.0,4.92,"Lower middle (15,000-30,000)",Village,3,2-3 Hours,2-3 Hours,No,3,Yes,0.8130081300813008,0,0.11259850861288993
Computer Science and Engineering,Male,3.92,5.0,"Lower middle (15,000-30,000)",Village,4,2-3 Hours,2-3 Hours,No,4,No,0.784,0,0.17014331425265505
Computer Science and Engineering,Male,3.6,4.94,"Upper middle (30,000-50,000)",Village,4,2-3 Hours,2-3 Hours,No,4,No,0.728744939271255,0,0.17014331425265505
Computer Science and Engineering,Male,3.83,4.75,"Upper middle (30,000-50,000)",Village,3,2-3 Hours,2-3 Hours,No,4,No,0.8063157894736842,0,0.17014331425265505
Computer Science and Engineering,Female,3.51,3.19,"Low (Below 15,000)",Village,3,2-3 Hours,2-3 Hours,No,3,No,1.1003134796238243,0,0.11259850861288993
Computer Science and Engineering,Male,4.44,5.0,"Upper middle (30,000-50,000)",City,5,2-3 Hours,2-3 Hours,Yes,2,No,0.8880000000000001,0,0.17014331425265505
Computer Science and Engineering,Female,3.92,5.0,"Upper middle (30,000-50,000)",Village,3,2-3 Hours,2-3 Hours,No,3,No,0.784,0,0.11259850861288993
Computer Science and Engineering,Male,4.5,5.0,"Lower middle (15,000-30,000)",City,3,2-3 Hours,2-3 Hours,No,4,No,0.9,0,0.17014331425265505
Computer Science and Engineering,Male,4.5,5.0,"High (Above 50,000)",City,1,2-3 Hours,2-3 Hours,Yes,2,No,0.9,0,0.17014331425265505
Computer Science and Engineering,Male,3.42,4.0,"Low (Below 15,000) ",Village,4,2-3 Hours,2-3 Hours,Yes,2,No,0.855,0,0.17014331425265505
Computer Science and Engineering,Female,3.86,5.0,"High (Above 50,000)",Village,5,2-3 Hours,2-3 Hours,No,3,No,0.772,0,0.11259850861288993
Computer Science and Engineering,Male,5.0,5.0,"Low (Below 15,000)",Village,4,2-3 Hours,2-3 Hours,No,3,No,1.0,0,0.11259850861288993
Computer Science and Engineering,Male,4.08,5.0,"Low (Below 15,000)",Village,1,2-3 Hours,2-3 Hours,No,3,Yes,0.8160000000000001,0,0.11259850861288993
Computer Science and Engineering,Male,4.0,4.33,"Low (Below 15,000)",Village,3,0-1 Hour,2-3 Hours,No,1,No,0.9237875288683602,0,0.3519998332636034
Computer Science and Engineering,Male,4.83,5.0,"Lower middle (15,000-30,000)",Village,1,2-3 Hours,More than 3 Hours,No,3,No,0.966,0,0.2608696303986161
Computer Science and Engineering,Male,5.0,5.0,"Low (Below 15,000)",Village,3,More than 3 Hours,0-1 Hour,No,3,Yes,1.0,0,0.11259850861288993
Computer Science and Engineering,Male,3.42,4.63,"Low (Below 15,000)",Village,3,2-3 Hours,More than 3 Hours,No,5,Yes,0.7386609071274298,0,0.2632819958467782
Computer Science and Engineering,Male,4.33,4.68,"High (Above 50,000)",City,5,2-3 Hours,More than 3 Hours,No,3,Yes,0.9252136752136753,0,0.2608696303986161
Computer Science and Engineering,Female,4.0,5.0,"Lower middle (15,000-30,000)",City,3,2-3 Hours,More than 3 Hours,No,3,Yes,0.8,0,0.2608696303986161
Computer Science and Engineering,Male,3.08,4.06,"Upper middle (30,000-50,000)",Village,3,2-3 Hours,More than 3 Hours,No,4,No,0.7586206896551725,0,0.42562379081282053
Computer Science and Engineering,Male,3.92,5.0,"Low (Below 15,000)",Village,4,2-3 Hours,2-3 Hours,No,3,No,0.784,0,0.11259850861288993
Computer Science and Engineering,Male,4.44,5.0,"Low (Below 15,000)",City,5,2-3 Hours,2-3 Hours,No,4,No,0.8880000000000001,0,0.17014331425265505
Computer Science and Engineering,Female,3.92,5.0,"High (Above 50,000)",City,5,2-3 Hours,2-3 Hours,No,3,No,0.784,0,0.11259850861288993
Computer Science and Engineering,Male,3.42,4.17,"High (Above 50,000) ",City,3,2-3 Hours,2-3 Hours,No,3,No,0.8201438848920863,0,0.11259850861288993
Computer Science and Engineering,Female,4.58,5.0,"High (Above 50,000) ",City,3,2-3 Hours,2-3 Hours,No,3,No,0.916,0,0.11259850861288993
Computer Science and Engineering,Female,3.83,5.0,"High (Above 50,000) ",Village,3,2-3 Hours,2-3 Hours,No,3,No,0.766,0,0.11259850861288993
Computer Science and Engineering,Female,4.5,5.0,"Upper middle (30,000-50,000)",City,3,2-3 Hours,2-3 Hours,No,4,No,0.9,0,0.17014331425265505
Computer Science and Engineering,Male,4.75,5.0,"Upper middle (30,000-50,000)",Village,4,2-3 Hours,More than 3 Hours,No,3,Yes,0.95,0,0.2608696303986161
Computer Science and Engineering,Male,4.19,4.36,"Lower middle (15,000-30,000)",City,3,2-3 Hours,More than 3 Hours,No,3,Yes,0.9610091743119267,0,0.2608696303986161
Computer Science and Engineering,Male,3.5,4.73,"Lower middle (15,000-30,000)",Village,3,2-3 Hours,More than 3 Hours,No,4,No,0.7399577167019027,0,0.42562379081282053
Computer Science and Engineering,Male,3.38,5.0,"Lower middle (15,000-30,000)",City,5,2-3 Hours,More than 3 Hours,No,3,Yes,0.6759999999999999,0,0.2608696303986161
Computer Science and Engineering,Male,4.0,5.0,"Upper middle (30,000-50,000)",Village,5,2-3 Hours,More than 3 Hours,Yes,4,No,0.8,0,0.42562379081282053
Computer Science and Engineering,Male,3.8,4.56,"Upper middle (30,000-50,000)",City,3,2-3 Hours,More than 3 Hours,No,3,Yes,0.8333333333333334,0,0.2608696303986161
Computer Science and Engineering,Male,4.0,4.88,"Upper middle (30,000-50,000)",Village,3,More than 3 Hours,More than 3 Hours,No,3,No,0.819672131147541,0,0.2608696303986161
Computer Science and Engineering,Male,4.2,5.0,"Lower middle (15,000-30,000)",City,5,2-3 Hours,More than 3 Hours,Yes,4,Yes,0.8400000000000001,0,0.42562379081282053
Computer Science and Engineering,Male,3.67,5.0,"Low (Below 15,000)",City,5,2-3 Hours,More than 3 Hours,No,3,Yes,0.734,0,0.2608696303986161
Computer Science and Engineering,Male,3.5,4.88,"Low (Below 15,000)",Village,4,2-3 Hours,More than 3 Hours,No,4,No,0.7172131147540983,0,0.42562379081282053
Computer Science and Engineering,Male,3.5,4.56,"Low (Below 15,000)",Village,3,0-1 Hour,More than 3 Hours,No,5,Yes,0.7675438596491229,0,0.46434542828581177
Computer Science and Engineering,Male,4.0,4.88,"Upper middle (30,000-50,000)",City,5,2-3 Hours,More than 3 Hours,Yes,4,No,0.819672131147541,0,0.42562379081282053
Computer Science and Engineering,Male,3.93,5.0,"Lower middle (15,000-30,000)",City,2,2-3 Hours,More than 3 Hours,No,5,Yes,0.786,0,0.2632819958467782
Computer Science and Engineering,Male,4.08,5.0,"Lower middle (15,000-30,000)",City,4,2-3 Hours,More than 3 Hours,No,4,No,0.8160000000000001,0,0.42562379081282053
Computer Science and Engineering,Male,4.33,4.81,"Upper middle (30,000-50,000)",Village,3,2-3 Hours,2-3 Hours,No,3,No,0.9002079002079003,0,0.11259850861288993
Computer Science and Engineering,Male,4.25,5.0,"Lower middle (15,000-30,000)",Village,4,2-3 Hours,More than 3 Hours,No,4,No,0.85,0,0.42562379081282053
Computer Science and Engineering,Male,4.1,5.0,"Lower middle (15,000-30,000)",Village,1,2-3 Hours,More than 3 Hours,No,5,Yes,0.82,0,0.2632819958467782
Computer Science and Engineering,Female,3.87,4.94,"Upper middle (30,000-50,000)",City,3,2-3 Hours,More than 3 Hours,No,5,Yes,0.7834008097165992,0,0.2632819958467782
Computer Science and Engineering,Female,4.58,5.0,"Upper middle (30,000-50,000)",City,4,2-3 Hours,More than 3 Hours,No,4,No,0.916,0,0.42562379081282053
Computer Science and Engineering,Male,3.83,5.0,"High (Above 50,000)",Village,4,0-1 Hour,More than 3 Hours,No,4,No,0.766,1,0.7403219994880329
Computer Science and Engineering,Male,4.5,4.28,"High (Above 50,000)",City,5,2-3 Hours,More than 3 Hours,No,3,Yes,1.0514018691588785,0,0.2608696303986161
Computer Science and Engineering,Female,4.0,5.0,"Upper middle (30,000-50,000)",Village,5,2-3 Hours,More than 3 Hours,No,5,Yes,0.8,0,0.2632819958467782
Computer Science and Engineering,Female,4.0,5.0,"Low (Below 15,000) ",Village,1,2-3 Hours,More than 3 Hours,No,5,Yes,0.8,0,0.2632819958467782
Computer Science and Engineering,Female,3.83,5.0,"Upper middle (30,000-50,000)",Village,3,2-3 Hours,More than 3 Hours,No,4,No,0.766,0,0.42562379081282053
Computer Science and Engineering,Male,3.67,5.0,"High (Above 50,000)",City,3,0-1 Hour,More than 3 Hours,No,4,No,0.734,1,0.7403219994880329
Computer Science and Engineering,Female,3.92,4.18,"Upper middle (30,000-50,000)",City,5,2-3 Hours,More than 3 Hours,No,3,Yes,0.937799043062201,0,0.2608696303986161
Computer Science and Engineering,Male,3.5,4.81,"Low (Below 15,000)",Village,3,2-3 Hours,2-3 Hours,No,3,No,0.7276507276507277,0,0.11259850861288993
Computer Science and Engineering,Male,3.07,4.85,"Low (Below 15,000)",Village,3,2-3 Hours,2-3 Hours,No,3,No,0.6329896907216495,0,0.11259850861288993
Computer Science and Engineering,Male,3.92,5.0,"Lower middle (15,000-30,000)",City,3,2-3 Hours,2-3 Hours,No,3,No,0.784,0,0.11259850861288993
Computer Science and Engineering,Male,4.08,5.0,"Low (Below 15,000)",Village,2,2-3 Hours,2-3 Hours,No,4,No,0.8160000000000001,0,0.17014331425265505
Computer Science and Engineering,Male,3.83,5.0,"Lower middle (15,000-30,000)",Village,1,2-3 Hours,2-3 Hours,No,3,No,0.766,0,0.11259850861288993
Computer Science and Engineering,Male,3.58,4.83,"High (Above 50,000)",Village,2,2-3 Hours,2-3 Hours,No,3,No,0.7412008281573499,0,0.11259850861288993
Computer Science and Engineering,Male,3.92,5.0,"Lower middle (15,000-30,000)",Village,3,2-3 Hours,2-3 Hours,No,3,No,0.784,0,0.11259850861288993
Computer Science and Engineering,Male,4.25,5.0,"Low (Below 15,000) ",Village,5,2-3 Hours,2-3 Hours,No,2,Yes,0.85,0,0.17014331425265505
Computer Science and Engineering,Male,4.42,4.86,"Lower middle (15,000-30,000)",City,2,2-3 Hours,2-3 Hours,No,4,No,0.9094650205761317,0,0.17014331425265505
Computer Science and Engineering,Male,4.5,4.86,"Upper middle (30,000-50,000)",Village,3,2-3 Hours,2-3 Hours,No,3,No,0.9259259259259258,0,0.11259850861288993
Computer Science and Engineering,Female,3.75,4.59,"Upper middle (30,000-50,000)",Village,5,2-3 Hours,2-3 Hours,No,2,Yes,0.8169934640522876,0,0.17014331425265505
Computer Science and Engineering,Female,4.5,4.75,"Upper middle (30,000-50,000)",Village,1,More than 3 Hours,More than 3 Hours,No,4,No,0.9473684210526315,0,0.42562379081282053
Computer Science and Engineering,Male,5.0,4.67,"Low (Below 15,000)",Village,3,More than 3 Hours,2-3 Hours,No,3,Yes,1.0706638115631693,0,0.11259850861288993
Computer Science and Engineering,Male,4.0,5.0,"Upper middle (30,000-50,000)",City,5,2-3 Hours,2-3 Hours,No,3,No,0.8,0,0.11259850861288993
Computer Science and Engineering,Male,4.3,5.0,"Upper middle (30,000-50,000)",City,4,2-3 Hours,2-3 Hours,No,3,No,0.86,0,0.11259850861288993
Computer Science and Engineering,Male,4.25,5.0,"High (Above 50,000) ",City,3,2-3 Hours,2-3 Hours,Yes,2,No,0.85,0,0.17014331425265505
Computer Science and Engineering,Male,4.25,4.61,"High (Above 50,000)",City,5,2-3 Hours,2-3 Hours,No,3,No,0.9219088937093275,0,0.11259850861288993
Computer Science and Engineering,Female,4.25,5.0,"Lower middle (15,000-30,000)",Village,3,2-3 Hours,2-3 Hours,No,4,No,0.85,0,0.17014331425265505
Computer Science and Engineering,Female,3.14,4.63,"High (Above 50,000) ",Village,2,2-3 Hours,2-3 Hours,No,4,No,0.6781857451403888,0,0.17014331425265505
Computer Science and Engineering,Female,4.5,4.75,"Lower middle (15,000-30,000)",Village,1,More than 3 Hours,More than 3 Hours,No,3,No,0.9473684210526315,0,0.2608696303986161
Computer Science and Engineering,Male,3.67,4.78,"Upper middle (30,000-50,000)",Village,3,2-3 Hours,2-3 Hours,No,3,No,0.7677824267782426,0,0.11259850861288993
Computer Science and Engineering,Male,3.83,5.0,"Upper middle (30,000-50,000)",Village,5,2-3 Hours,2-3 Hours,No,2,Yes,0.766,0,0.17014331425265505
Computer Science and Engineering,Male,4.58,5.0,"High (Above 50,000)",City,5,2-3 Hours,2-3 Hours,No,3,No,0.916,0,0.11259850861288993
Computer Science and Engineering,Female,4.75,5.0,"High (Above 50,000)",City,3,2-3 Hours,2-3 Hours,No,3,No,0.95,0,0.11259850861288993
Computer Science and Engineering,Female,4.17,5.0,"Lower middle (15,000-30,000)",City,5,2-3 Hours,2-3 Hours,No,3,No,0.834,0,0.11259850861288993
Computer Science and Engineering,Female,3.67,4.56,"High (Above 50,000)",City,5,2-3 Hours,2-3 Hours,No,3,No,0.8048245614035088,0,0.11259850861288993
Computer Science and Engineering,Male,4.5,4.75,"Lower middle (15,000-30,000)",Village,1,More than 3 Hours,More than 3 Hours,No,3,Yes,0.9473684210526315,0,0.2608696303986161
Computer Science and Engineering,Male,4.08,4.17,"High (Above 50,000) ",Village,5,2-3 Hours,2-3 Hours,No,3,No,0.9784172661870504,0,0.11259850861288993
Computer Science and Engineering,Male,4.01,4.33,"Lower middle (15,000-30,000)",Village,3,2-3 Hours,2-3 Hours,Yes,2,Yes,0.9260969976905311,0,0.17014331425265505
Computer Science and Engineering,Female,4.0,4.38,"Lower middle (15,000-30,000)",City,3,2-3 Hours,2-3 Hours,No,3,No,0.9132420091324202,0,0.11259850861288993
Computer Science and Engineering,Female,3.58,4.44,"Upper middle (30,000-50,000)",Village,5,2-3 Hours,2-3 Hours,No,2,Yes,0.8063063063063063,0,0.17014331425265505
Computer Science and Engineering,Female,4.5,4.75,"Lower middle (15,000-30,000)",Village,1,More than 3 Hours,More than 3 Hours,No,4,No,0.9473684210526315,0,0.42562379081282053
Computer Science and Engineering,Male,4.5,4.75,"Lower middle (15,000-30,000)",Village,1,2-3 Hours,More than 3 Hours,No,3,No,0.9473684210526315,0,0.2608696303986161
Computer Science and Engineering,Male,4.33,5.0,"Upper middle (30,000-50,000)",City,3,2-3 Hours,2-3 Hours,No,4,No,0.866,0,0.17014331425265505
Computer Science and Engineering,Female,3.83,4.89,"High (Above 50,000) ",City,3,2-3 Hours,2-3 Hours,No,3,No,0.7832310838445808,0,0.11259850861288993
Computer Science and Engineering,Male,3.5,4.61,"Lower middle (15,000-30,000)",City,5,2-3 Hours,2-3 Hours,No,3,No,0.7592190889370932,0,0.11259850861288993
Computer Science and Engineering,Male,4.0,4.89,"High (Above 50,000)",Village,3,2-3 Hours,2-3 Hours,No,3,No,0.8179959100204499,0,0.11259850861288993
Computer Science and Engineering,Male,4.25,4.94,"Lower middle (15,000-30,000)",City,4,2-3 Hours,2-3 Hours,No,3,No,0.8603238866396761,0,0.11259850861288993
Computer Science and Engineering,Female,5.0,5.0,"Low (Below 15,000) ",Village,3,2-3 Hours,2-3 Hours,No,3,No,1.0,0,0.11259850861288993
Computer Science and Engineering,Male,4.17,4.89,"Upper middle (30,000-50,000)",City,3,2-3 Hours,2-3 Hours,No,4,No,0.8527607361963191,0,0.17014331425265505
Computer Science and Engineering,Male,4.17,4.95,"High (Above 50,000)",Village,2,2-3 Hours,2-3 Hours,No,4,No,0.8424242424242424,0,0.17014331425265505
Computer Science and Engineering,Male,4.5,4.75,"Upper middle (30,000-50,000)",Village,3,More than 3 Hours,More than 3 Hours,No,3,No,0.9473684210526315,0,0.2608696303986161
Computer Science and Engineering,Female,4.08,5.0,"Lower middle (15,000-30,000)",City,3,2-3 Hours,2-3 Hours,No,4,No,0.8160000000000001,0,0.17014331425265505
Computer Science and Engineering,Male,3.75,4.95,"Upper middle (30,000-50,000)",Village,3,2-3 Hours,2-3 Hours,No,3,No,0.7575757575757576,0,0.11259850861288993
Computer Science and Engineering,Male,4.42,4.89,"High (Above 50,000) ",Village,3,2-3 Hours,2-3 Hours,No,3,No,0.9038854805725972,0,0.11259850861288993
Computer Science and Engineering,Male,4.75,4.09,"Lower middle (15,000-30,000)",City,5,2-3 Hours,2-3 Hours,No,4,No,1.1613691931540342,0,0.17014331425265505
Computer Science and Engineering,Male,4.25,5.0,"Lower middle (15,000-30,000)",City,3,2-3 Hours,2-3 Hours,No,4,No,0.85,0,0.17014331425265505
Computer Science and Engineering,Female,3.58,5.0,"Upper middle (30,000-50,000)",Village,5,2-3 Hours,2-3 Hours,No,2,Yes,0.716,0,0.17014331425265505
Computer Science and Engineering,Female,4.17,4.83,"Lower middle (15,000-30,000)",Village,3,2-3 Hours,2-3 Hours,No,3,No,0.8633540372670807,0,0.11259850861288993
Computer Science and Engineering,Male,3.42,4.68,"Lower middle (15,000-30,000)",Village,5,2-3 Hours,2-3 Hours,No,2,Yes,0.7307692307692308,0,0.17014331425265505
Computer Science and Engineering,Male,3.67,4.89,"Low (Below 15,000)",Village,3,0-1 Hour,0-1 Hour,Yes,4,Yes,0.7505112474437629,0,0.4002818969927386
Computer Science and Engineering,Male,4.5,4.75,"Lower middle (15,000-30,000)",Village,1,2-3 Hours,More than 3 Hours,No,4,Yes,0.9473684210526315,0,0.42562379081282053
Computer Science and Engineering,Female,4.5,4.75,"Upper middle (30,000-50,000)",Village,3,More than 3 Hours,More than 3 Hours,No,4,No,0.9473684210526315,0,0.42562379081282053
Computer Science and Engineering,Female,4.83,5.0,"High (Above 50,000)",City,2,2-3 Hours,2-3 Hours,No,4,No,0.966,0,0.17014331425265505
Computer Science and Engineering,Male,4.33,5.0,"Low (Below 15,000)",Village,3,2-3 Hours,More than 3 Hours,No,5,Yes,0.866,0,0.2632819958467782
Computer Science and Engineering,Male,4.33,5.0,"High (Above 50,000)",Village,3,2-3 Hours,More than 3 Hours,No,5,Yes,0.866,0,0.2632819958467782
Computer Science and Engineering,Female,4.55,5.0,"High (Above 50,000)",City,5,2-3 Hours,2-3 Hours,No,3,No,0.9099999999999999,0,0.11259850861288993
Computer Science and Engineering,Male,4.25,4.89,"Low (Below 15,000)",City,5,2-3 Hours,2-3 Hours,No,4,No,0.869120654396728,0,0.17014331425265505
Computer Science and Engineering,Male,3.92,5.0,"Lower middle (15,000-30,000)",City,3,2-3 Hours,2-3 Hours,No,3,No,0.784,0,0.11259850861288993
Computer Science and Engineering,Female,4.75,5.0,"Upper middle (30,000-50,000)",Village,1,0-1 Hour,More than 3 Hours,No,1,No,0.95,1,0.6740625486959885
Computer Science and Engineering,Male,4.5,4.75,"Upper middle (30,000-50,000)",Village,1,More than 3 Hours,More than 3 Hours,No,4,No,0.9473684210526315,0,0.42562379081282053
Computer Science and Engineering,Male,5.0,5.0,"Lower middle (15,000-30,000)",City,5,0-1 Hour,More than 3 Hours,No,4,Yes,1.0,1,0.7403219994880329
Computer Science and Engineering,Male,3.5,4.8,"High (Above 50,000)",City,5,0-1 Hour,More than 3 Hours,No,5,Yes,0.7291666666666667,0,0.46434542828581177
Computer Science and Engineering,Female,5.0,5.0,"Lower middle (15,000-30,000)",City,4,2-3 Hours,More than 3 Hours,Yes,5,Yes,1.0,0,0.2632819958467782
Computer Science and Engineering,Male,4.53,4.75,"Lower middle (15,000-30,000)",Village,1,0-1 Hour,More than 3 Hours,No,4,Yes,0.9536842105263158,1,0.7403219994880329
Computer Science and Engineering,Male,4.42,4.88,"Low (Below 15,000)",Village,4,0-1 Hour,2-3 Hours,No,3,No,0.9057377049180327,0,0.23415647433528405
Computer Science and Engineering,Male,4.58,5.0,"High (Above 50,000)",Village,4,0-1 Hour,2-3 Hours,No,4,No,0.916,0,0.4002818969927386
Computer Science and Engineering,Female,3.5,4.81,"Lower middle (15,000-30,000)",Village,4,More than 3 Hours,More than 3 Hours,No,5,Yes,0.7276507276507277,0,0.2632819958467782
Computer Science and Engineering,Male,5.0,5.0,"Upper middle (30,000-50,000)",City,5,0-1 Hour,More than 3 Hours,No,5,Yes,1.0,0,0.46434542828581177
Computer Science and Engineering,Male,4.58,5.0,"Lower middle (15,000-30,000)",City,1,0-1 Hour,2-3 Hours,No,5,Yes,0.916,0,0.23392520549697837
Computer Science and Engineering,Female,4.83,5.0,"High (Above 50,000)",City,3,0-1 Hour,0-1 Hour,No,3,Yes,0.966,0,0.23415647433528405
Computer Science and Engineering,Female,4.33,5.0,"High (Above 50,000) ",City,3,More than 3 Hours,More than 3 Hours,No,5,Yes,0.866,0,0.2632819958467782
Computer Science and Engineering,Female,4.25,5.0,"Upper middle (30,000-50,000)",Village,5,More than 3 Hours,More than 3 Hours,No,5,Yes,0.85,0,0.2632819958467782
Computer Science and Engineering,Male,4.33,5.0,"Low (Below 15,000) ",Village,4,0-1 Hour,2-3 Hours,No,4,No,0.866,0,0.4002818969927386
Computer Science and Engineering,Male,3.75,4.67,"Upper middle (30,000-50,000)",Village,3,0-1 Hour,0-1 Hour,No,3,Yes,0.8029978586723769,0,0.23415647433528405
Computer Science and Engineering,Male,4.58,5.0,"High (Above 50,000)",Village,3,0-1 Hour,2-3 Hours,No,3,No,0.916,0,0.23415647433528405
Computer Science and Engineering,Female,3.67,4.61,"High (Above 50,000)",City,3,2-3 Hours,2-3 Hours,No,3,No,0.7960954446854663,0,0.11259850861288993
Computer Science and Engineering,Female,3.75,4.78,"Upper middle (30,000-50,000)",Village,3,2-3 Hours,2-3 Hours,No,3,No,0.7845188284518828,0,0.11259850861288993
Computer Science and Engineering,Male,4.17,4.94,"Low (Below 15,000)",Village,3,2-3 Hours,2-3 Hours,No,3,No,0.8441295546558704,0,0.11259850861288993
Computer Science and Engineering,Male,4.0,5.0,"Lower middle (15,000-30,000)",Village,3,2-3 Hours,2-3 Hours,No,4,No,0.8,0,0.17014331425265505
Computer Science and Engineering,Male,3.75,4.61,"Low (Below 15,000) ",Village,3,2-3 Hours,2-3 Hours,No,3,No,0.8134490238611713,0,0.11259850861288993
Computer Science and Engineering,Male,4.08,5.0,"High (Above 50,000)",City,5,2-3 Hours,2-3 Hours,No,3,No,0.8160000000000001,0,0.11259850861288993
Computer Science and Engineering,Female,4.33,4.94,"Lower middle (15,000-30,000)",City,5,2-3 Hours,2-3 Hours,No,3,No,0.8765182186234818,0,0.11259850861288993
Computer Science and Engineering,Male,4.57,5.0,"Lower middle (15,000-30,000)",Village,5,0-1 Hour,0-1 Hour,No,5,No,0.914,0,0.23392520549697837
Computer Science and Engineering,Female,4.5,4.75,"Lower middle (15,000-30,000)",Village,1,More than 3 Hours,More than 3 Hours,No,5,No,0.9473684210526315,0,0.2632819958467782
Computer Science and Engineering,Male,4.52,4.75,"Lower middle (15,000-30,000)",Village,1,More than 3 Hours,More than 3 Hours,No,3,No,0.951578947368421,0,0.2608696303986161
Computer Science and Engineering,Male,3.58,5.0,"Low (Below 15,000)",Village,3,2-3 Hours,More than 3 Hours,No,5,Yes,0.716,0,0.2632819958467782
Computer Science and Engineering,Female,4.17,5.0,"Upper middle (30,000-50,000) ",Village,4,2-3 Hours,More than 3 Hours,No,3,Yes,0.834,0,0.2608696303986161
Computer Science and Engineering,Female,4.25,5.0,"Lower middle (15,000-30,000)",Village,5,2-3 Hours,More than 3 Hours,No,5,Yes,0.85,0,0.2632819958467782
Computer Science and Engineering,Male,4.33,5.0,"High (Above 50,000)",Village,3,2-3 Hours,More than 3 Hours,No,5,Yes,0.866,0,0.2632819958467782
Computer Science and Engineering,Female,3.83,4.59,"Lower middle (15,000-30,000)",City,3,2-3 Hours,More than 3 Hours,No,3,Yes,0.8344226579520697,0,0.2608696303986161
Computer Science and Engineering,Male,4.17,4.59,"Upper middle (30,000-50,000)",Village,3,2-3 Hours,More than 3 Hours,No,4,No,0.9084967320261438,0,0.42562379081282053
Computer Science and Engineering,Female,4.17,5.0,"Low (Below 15,000) ",Village,3,2-3 Hours,More than 3 Hours,No,3,Yes,0.834,0,0.2608696303986161
Computer Science and Engineering,Male,4.0,5.0,"High (Above 50,000)",Village,5,2-3 Hours,More than 3 Hours,No,3,Yes,0.8,0,0.2608696303986161
Computer Science and Engineering,Female,4.0,5.0,"High (Above 50,000)",City,3,2-3 Hours,More than 3 Hours,No,3,Yes,0.8,0,0.2608696303986161
Computer Science and Engineering,Female,4.42,5.0,"High (Above 50,000) ",City,4,2-3 Hours,More than 3 Hours,No,4,No,0.884,0,0.42562379081282053
Computer Science and Engineering,Male,3.92,4.18,"High (Above 50,000)",City,5,2-3 Hours,More than 3 Hours,No,3,Yes,0.937799043062201,0,0.2608696303986161
Computer Science and Engineering,Male,5.0,5.0,"Low (Below 15,000)",Village,1,0-1 Hour,More than 3 Hours,No,1,No,1.0,1,0.6740625486959885
Computer Science and Engineering,Female,3.83,5.0,"High (Above 50,000)",City,5,2-3 Hours,More than 3 Hours,No,3,Yes,0.766,0,0.2608696303986161
Computer Science and Engineering,Male,5.0,5.0,"Low (Below 15,000)",Village,3,2-3 Hours,More than 3 Hours,No,5,Yes,1.0,0,0.2632819958467782
Computer Science and Engineering,Male,3.92,3.94,"Lower middle (15,000-30,000)",City,5,2-3 Hours,More than 3 Hours,No,3,Yes,0.9949238578680203,0,0.2608696303986161
Computer Science and Engineering,Male,3.67,4.44,"High (Above 50,000) ",Village,5,2-3 Hours,More than 3 Hours,No,3,Yes,0.8265765765765765,0,0.2608696303986161
Computer Science and Engineering,Male,5.0,5.0,"Upper middle (30,000-50,000)",City,4,More than 3 Hours,2-3 Hours,Yes,5,Yes,1.0,0,0.11236723977458427
Computer Science and Engineering,Female,4.16,4.67,"Upper middle (30,000-50,000)",City,3,2-3 Hours,More than 3 Hours,No,3,Yes,0.8907922912205568,0,0.2608696303986161
Computer Science and Engineering,Male,4.83,5.0,"Lower middle (15,000-30,000)",City,3,2-3 Hours,More than 3 Hours,No,3,Yes,0.966,0,0.2608696303986161
Computer Science and Engineering,Female,4.25,5.0,"Lower middle (15,000-30,000)",City,5,2-3 Hours,More than 3 Hours,No,3,Yes,0.85,0,0.2608696303986161
Computer Science and Engineering,Male,4.5,5.0,"Lower middle (15,000-30,000)",Village,3,0-1 Hour,2-3 Hours,No,4,No,0.9,0,0.4002818969927386
Computer Science and Engineering,Male,3.5,4.72,"High (Above 50,000) ",City,3,2-3 Hours,More than 3 Hours,No,3,Yes,0.7415254237288136,0,0.2608696303986161
Computer Science and Engineering,Female,3.75,5.0,"Low (Below 15,000)",Village,5,2-3 Hours,0-1 Hour,No,4,Yes,0.75,0,0.17014331425265505
Computer Science and Engineering,Female,5.0,5.0,"Upper middle (30,000-50,000)",City,3,2-3 Hours,0-1 Hour,Yes,3,No,1.0,0,0.11259850861288993
Computer Science and Engineering,Male,4.42,5.0,"High (Above 50,000)",City,4,2-3 Hours,More than 3 Hours,No,4,No,0.884,0,0.42562379081282053
Computer Science and Engineering,Male,4.5,5.0,"Upper middle (30,000-50,000)",City,5,2-3 Hours,2-3 Hours,No,3,No,0.9,0,0.11259850861288993
Computer Science and Engineering,Male,4.42,5.0,"Upper middle (30,000-50,000)",Village,5,2-3 Hours,More than 3 Hours,No,5,Yes,0.884,0,0.2632819958467782
Computer Science and Engineering,Male,3.17,4.31,"High (Above 50,000)",Village,4,2-3 Hours,2-3 Hours,No,3,No,0.7354988399071927,0,0.11259850861288993
Computer Science and Engineering,Female,3.67,4.38,"Upper middle (30,000-50,000)",Village,3,2-3 Hours,More than 3 Hours,No,4,No,0.8378995433789954,0,0.42562379081282053
Computer Science and Engineering,Male,3.83,4.94,"Upper middle (30,000-50,000)",City,4,2-3 Hours,2-3 Hours,No,3,No,0.7753036437246963,0,0.11259850861288993
Computer Science and Engineering,Male,4.33,5.0,"High (Above 50,000)",Village,4,2-3 Hours,More than 3 Hours,No,4,No,0.866,0,0.42562379081282053
Computer Science and Engineering,Male,4.5,5.0,"Low (Below 15,000) ",Village,3,2-3 Hours,2-3 Hours,No,3,No,0.9,0,0.11259850861288993
Computer Science and Engineering,Male,4.08,5.0,"High (Above 50,000)",City,5,2-3 Hours,2-3 Hours,No,3,No,0.8160000000000001,0,0.11259850861288993
Computer Science and Engineering,Male,5.0,5.0,"Low (Below 15,000) ",City,5,2-3 Hours,2-3 Hours,No,3,No,1.0,0,0.11259850861288993
Computer Science and Engineering,Female,5.0,5.0,"High (Above 50,000)",City,5,2-3 Hours,More than 3 Hours,No,3,Yes,1.0,0,0.2608696303986161
Computer Science and Engineering,Male,4.42,5.0,"Low (Below 15,000)",Village,3,More than 3 Hours,2-3 Hours,No,2,Yes,0.884,0,0.17014331425265505
Computer Science and Engineering,Male,4.17,5.0,"Lower middle (15,000-30,000)",Village,3,More than 3 Hours,2-3 Hours,No,2,Yes,0.834,0,0.17014331425265505
Computer Science and Engineering,Male,4.0,4.0,"Upper middle (30,000-50,000)",Village,4,More than 3 Hours,2-3 Hours,No,3,Yes,1.0,0,0.11259850861288993
Computer Science and Engineering,Male,4.17,5.0,"Upper middle (30,000-50,000)",City,4,2-3 Hours,2-3 Hours,Yes,4,Yes,0.834,0,0.17014331425265505
Computer Science and Engineering,Female,4.25,3.75,"Lower middle (15,000-30,000)",City,5,2-3 Hours,More than 3 Hours,No,3,Yes,1.1333333333333333,0,0.2608696303986161
Computer Science and Engineering,Male,3.14,4.44,"Upper middle (30,000-50,000)",City,5,2-3 Hours,More than 3 Hours,No,3,Yes,0.7072072072072072,0,0.2608696303986161
Computer Science and Engineering,Female,3.19,4.81,"Low (Below 15,000)",Village,4,2-3 Hours,More than 3 Hours,No,4,No,0.6632016632016633,0,0.42562379081282053
Computer Science and Engineering,Female,4.0,5.0,"Lower middle (15,000-30,000)",Village,5,2-3 Hours,More than 3 Hours,No,5,Yes,0.8,0,0.2632819958467782
Computer Science and Engineering,Male,4.17,5.0,"High (Above 50,000) ",City,3,2-3 Hours,More than 3 Hours,No,3,Yes,0.834,0,0.2608696303986161
Computer Science and Engineering,Female,3.8,4.78,"High (Above 50,000) ",Village,4,2-3 Hours,More than 3 Hours,No,4,No,0.7949790794979079,0,0.42562379081282053
Computer Science and Engineering,Male,3.75,4.78,"High (Above 50,000)",City,4,2-3 Hours,More than 3 Hours,No,4,No,0.7845188284518828,0,0.42562379081282053
Computer Science and Engineering,Male,4.5,5.0,"High (Above 50,000)",City,3,0-1 Hour,More than 3 Hours,No,5,Yes,0.9,0,0.46434542828581177
Computer Science and Engineering,Male,4.17,4.95,"Low (Below 15,000)",Village,3,0-1 Hour,2-3 Hours,No,3,No,0.8424242424242424,0,0.23415647433528405
Computer Science and Engineering,Male,4.67,4.5,"Lower middle (15,000-30,000)",Village,3,0-1 Hour,2-3 Hours,No,3,No,1.0377777777777777,0,0.23415647433528405
Computer Science and Engineering,Male,5.0,5.0,"Low (Below 15,000)",Village,3,2-3 Hours,More than 3 Hours,No,3,No,1.0,0,0.2608696303986161
Computer Science and Engineering,Male,5.0,5.0,"Upper middle (30,000-50,000)",Village,4,2-3 Hours,More than 3 Hours,No,3,Yes,1.0,0,0.2608696303986161
Computer Science and Engineering,Male,3.33,4.75,"High (Above 50,000) ",Village,4,2-3 Hours,More than 3 Hours,No,4,No,0.7010526315789474,0,0.42562379081282053
Computer Science and Engineering,Male,3.58,4.78,"Upper middle (30,000-50,000)",Village,3,2-3 Hours,More than 3 Hours,No,4,No,0.7489539748953975,0,0.42562379081282053
Computer Science and Engineering,Male,4.42,4.81,"Low (Below 15,000)",Village,4,2-3 Hours,More than 3 Hours,No,4,No,0.918918918918919,0,0.42562379081282053
Computer Science and Engineering,Female,4.5,5.0,"Lower middle (15,000-30,000)",Village,1,2-3 Hours,More than 3 Hours,No,5,Yes,0.9,0,0.2632819958467782
Computer Science and Engineering,Male,5.0,5.0,"Upper middle (30,000-50,000)",Village,4,2-3 Hours,2-3 Hours,No,3,No,1.0,0,0.11259850861288993
Computer Science and Engineering,Female,5.0,5.0,"Upper middle (30,000-50,000)",Village,4,2-3 Hours,2-3 Hours,No,4,No,1.0,0,0.17014331425265505
Computer Science and Engineering,Female,4.0,4.44,"Lower middle (15,000-30,000)",City,4,2-3 Hours,More than 3 Hours,No,4,No,0.9009009009009008,0,0.42562379081282053
Computer Science and Engineering,Male,3.4,4.0,"Lower middle (15,000-30,000)",Village,3,More than 3 Hours,2-3 Hours,No,2,Yes,0.85,0,0.17014331425265505
Computer Science and Engineering,Male,3.58,4.5,"High (Above 50,000)",Village,3,2-3 Hours,More than 3 Hours,No,5,Yes,0.7955555555555556,0,0.2632819958467782
Computer Science and Engineering,Female,4.67,5.0,"High (Above 50,000) ",City,5,2-3 Hours,2-3 Hours,Yes,2,No,0.9339999999999999,0,0.17014331425265505
Computer Science and Engineering,Male,4.08,5.0,"High (Above 50,000)",City,5,2-3 Hours,More than 3 Hours,No,3,Yes,0.8160000000000001,0,0.2608696303986161
Computer Science and Engineering,Male,3.83,4.83,"High (Above 50,000) ",Village,1,2-3 Hours,More than 3 Hours,No,5,Yes,0.7929606625258799,0,0.2632819958467782
Computer Science and Engineering,Female,4.0,5.0,"Lower middle (15,000-30,000)",Village,3,2-3 Hours,2-3 Hours,No,3,No,0.8,0,0.11259850861288993
Computer Science and Engineering,Female,4.0,5.0,"Low (Below 15,000)",Village,4,0-1 Hour,More than 3 Hours,No,5,No,0.8,0,0.46434542828581177
Computer Science and Engineering,Male,4.25,5.0,"Low (Below 15,000)",Village,4,0-1 Hour,More than 3 Hours,No,4,No,0.85,1,0.7403219994880329
Computer Science and Engineering,Male,5.0,5.0,"Lower middle (15,000-30,000)",City,3,0-1 Hour,More than 3 Hours,No,5,Yes,1.0,0,0.46434542828581177
Computer Science and Engineering,Male,3.42,5.0,"Upper middle (30,000-50,000)",Village,4,0-1 Hour,More than 3 Hours,No,5,Yes,0.6839999999999999,0,0.46434542828581177
Computer Science and Engineering,Male,4.08,4.39,"Upper middle (30,000-50,000)",Village,5,0-1 Hour,More than 3 Hours,No,5,Yes,0.9293849658314352,0,0.46434542828581177
Computer Science and Engineering,Male,4.0,4.36,"High (Above 50,000) ",Village,3,0-1 Hour,More than 3 Hours,No,5,Yes,0.9174311926605504,0,0.46434542828581177
Computer Science and Engineering,Female,3.92,4.89,"Lower middle (15,000-30,000)",City,3,0-1 Hour,2-3 Hours,No,3,No,0.801635991820041,0,0.23415647433528405
Computer Science and Engineering,Male,4.5,5.0,"Upper middle (30,000-50,000)",City,3,0-1 Hour,2-3 Hours,No,3,No,0.9,0,0.23415647433528405
Computer Science and Engineering,Female,4.0,4.83,"High (Above 50,000)",Village,4,0-1 Hour,2-3 Hours,No,4,No,0.8281573498964803,0,0.4002818969927386
Computer Science and Engineering,Female,4.17,4.83,"Lower middle (15,000-30,000)",City,4,0-1 Hour,2-3 Hours,No,3,No,0.8633540372670807,0,0.23415647433528405
Computer Science and Engineering,Male,4.25,4.72,"High (Above 50,000)",City,3,0-1 Hour,2-3 Hours,No,5,Yes,0.9004237288135594,0,0.23392520549697837
Computer Science and Engineering,Female,3.5,5.0,"Lower middle (15,000-30,000)",City,3,0-1 Hour,2-3 Hours,No,3,No,0.7,0,0.23415647433528405
Computer Science and Engineering,Male,4.25,5.0,"High (Above 50,000) ",City,5,0-1 Hour,2-3 Hours,Yes,2,No,0.85,0,0.4002818969927386
Computer Science and Engineering,Female,3.92,5.0,"Lower middle (15,000-30,000)",City,5,0-1 Hour,2-3 Hours,No,3,No,0.784,0,0.23415647433528405
Computer Science and Engineering,Female,5.0,5.0,"Upper middle (30,000-50,000)",City,2,2-3 Hours,2-3 Hours,No,4,No,1.0,0,0.17014331425265505
Computer Science and Engineering,Male,4.58,5.0,"Upper middle (30,000-50,000)",Village,4,2-3 Hours,2-3 Hours,No,4,No,0.916,0,0.17014331425265505
Computer Science and Engineering,Female,5.0,5.0,"Upper middle (30,000-50,000)",City,5,2-3 Hours,0-1 Hour,No,3,Yes,1.0,0,0.11259850861288993
Computer Science and Engineering,Male,4.25,5.0,"High (Above 50,000)",Village,2,2-3 Hours,0-1 Hour,No,3,Yes,0.85,0,0.11259850861288993
Computer Science and Engineering,Male,4.75,5.0,"Lower middle (15,000-30,000)",Village,4,0-1 Hour,More than 3 Hours,Yes,3,Yes,0.95,0,0.4619330628376497
Computer Science and Engineering,Male,5.0,5.0,"Lower middle (15,000-30,000)",City,5,0-1 Hour,More than 3 Hours,No,4,No,1.0,1,0.7403219994880329
Computer Science and Engineering,Male,3.83,4.69,"Upper middle (30,000-50,000)",Village,5,0-1 Hour,2-3 Hours,No,4,No,0.8166311300639658,0,0.4002818969927386
Computer Science and Engineering,Male,4.5,4.61,"High (Above 50,000)",City,5,0-1 Hour,0-1 Hour,No,3,Yes,0.9761388286334056,0,0.23415647433528405
Computer Science and Engineering,Female,4.42,4.77,"Low (Below 15,000)",Village,3,0-1 Hour,0-1 Hour,No,3,Yes,0.9266247379454927,0,0.23415647433528405
Computer Science and Engineering,Female,4.08,5.0,"Lower middle (15,000-30,000)",Village,4,More than 3 Hours,More than 3 Hours,No,5,Yes,0.8160000000000001,0,0.2632819958467782
Computer Science and Engineering,Female,4.08,4.82,"Lower middle (15,000-30,000)",City,5,More than 3 Hours,More than 3 Hours,No,5,Yes,0.8464730290456431,0,0.2632819958467782
Computer Science and Engineering,Female,4.5,4.95,"Upper middle (30,000-50,000)",City,5,More than 3 Hours,More than 3 Hours,No,5,Yes,0.9090909090909091,0,0.2632819958467782
Computer Science and Engineering,Male,5.0,5.0,"Lower middle (15,000-30,000)",Village,5,More than 3 Hours,More than 3 Hours,No,5,Yes,1.0,0,0.2632819958467782
Computer Science and Engineering,Male,4.17,4.95,"Lower middle (15,000-30,000)",City,5,More than 3 Hours,More than 3 Hours,No,5,Yes,0.8424242424242424,0,0.2632819958467782
Computer Science and Engineering,Female,4.17,5.0,"Lower middle (15,000-30,000)",City,5,More than 3 Hours,More than 3 Hours,No,5,Yes,0.834,0,0.2632819958467782
Computer Science and Engineering,Female,4.33,4.59,"High (Above 50,000)",City,5,More than 3 Hours,More than 3 Hours,No,5,Yes,0.9433551198257081,0,0.2632819958467782
Computer Science and Engineering,Male,3.83,5.0,"Lower middle (15,000-30,000)",City,4,More than 3 Hours,More than 3 Hours,No,5,Yes,0.766,0,0.2632819958467782
Computer Science and Engineering,Male,4.42,4.68,"High (Above 50,000)",Village,3,0-1 Hour,0-1 Hour,No,3,Yes,0.9444444444444445,0,0.23415647433528405
Computer Science and Engineering,Male,4.83,4.89,"Lower middle (15,000-30,000)",City,3,2-3 Hours,0-1 Hour,No,4,No,0.9877300613496933,0,0.17014331425265505
Computer Science and Engineering,Female,5.0,4.61,"Lower middle (15,000-30,000)",Village,1,2-3 Hours,2-3 Hours,No,3,No,1.0845986984815617,0,0.11259850861288993
Computer Science and Engineering,Female,4.08,5.0,"Low (Below 15,000)",City,5,2-3 Hours,0-1 Hour,No,3,Yes,0.8160000000000001,0,0.11259850861288993
Computer Science and Engineering,Male,4.5,4.89,"High (Above 50,000) ",Village,3,2-3 Hours,0-1 Hour,No,3,Yes,0.9202453987730062,0,0.11259850861288993
Computer Science and Engineering,Female,5.0,5.0,"Lower middle (15,000-30,000)",City,2,2-3 Hours,0-1 Hour,No,3,Yes,1.0,0,0.11259850861288993
Computer Science and Engineering,Male,4.42,5.0,"High (Above 50,000)",City,3,2-3 Hours,0-1 Hour,Yes,5,No,0.884,0,0.11236723977458427
Computer Science and Engineering,Male,4.25,5.0,"Low (Below 15,000)",Village,5,2-3 Hours,0-1 Hour,No,3,Yes,0.85,0,0.11259850861288993
Computer Science and Engineering,Male,5.0,5.0,"Lower middle (15,000-30,000)",City,5,2-3 Hours,0-1 Hour,No,3,Yes,1.0,0,0.11259850861288993
Computer Science and Engineering,Male,5.0,5.0,"Lower middle (15,000-30,000)",Village,4,2-3 Hours,2-3 Hours,No,4,Yes,1.0,0,0.17014331425265505
Computer Science and Engineering,Female,5.0,5.0,"Low (Below 15,000)",Village,1,More than 3 Hours,2-3 Hours,No,1,No,1.0,0,0.16248743901658447
Computer Science and Engineering,Female,5.0,5.0,"High (Above 50,000)",Village,3,0-1 Hour,0-1 Hour,No,3,Yes,1.0,0,0.23415647433528405
Computer Science and Engineering,Female,4.17,5.0,"High (Above 50,000)",City,4,2-3 Hours,0-1 Hour,No,3,Yes,0.834,0,0.11259850861288993
Computer Science and Engineering,Female,5.0,5.0,"Upper middle (30,000-50,000)",City,5,2-3 Hours,0-1 Hour,No,3,Yes,1.0,0,0.11259850861288993
Computer Science and Engineering,Male,4.75,5.0,"Lower middle (15,000-30,000)",City,5,2-3 Hours,0-1 Hour,No,3,Yes,0.95,0,0.11259850861288993
Computer Science and Engineering,Male,5.0,5.0,"Lower middle (15,000-30,000)",Village,5,2-3 Hours,0-1 Hour,Yes,5,No,1.0,0,0.11236723977458427
Computer Science and Engineering,Female,4.3,5.0,"Upper middle (30,000-50,000)",Village,5,2-3 Hours,0-1 Hour,No,3,Yes,0.86,0,0.11259850861288993
Computer Science and Engineering,Male,3.81,4.39,"Upper middle (30,000-50,000)",Village,3,2-3 Hours,0-1 Hour,No,3,Yes,0.8678815489749431,0,0.11259850861288993
Computer Science and Engineering,Male,4.0,4.39,"High (Above 50,000)  ",Village,2,2-3 Hours,0-1 Hour,No,3,Yes,0.9111617312072894,0,0.11259850861288993
Computer Science and Engineering,Female,4.42,5.0,"High (Above 50,000)",City,3,2-3 Hours,0-1 Hour,No,3,Yes,0.884,0,0.11259850861288993
Computer Science and Engineering,Male,4.17,4.82,"Lower middle (15,000-30,000)",Village,2,2-3 Hours,0-1 Hour,No,3,Yes,0.8651452282157676,0,0.11259850861288993
Computer Science and Engineering,Male,3.75,4.78,"Upper middle (30,000-50,000)",City,2,2-3 Hours,0-1 Hour,No,3,Yes,0.7845188284518828,0,0.11259850861288993
Computer Science and Engineering,Male,4.42,4.95,"Upper middle (30,000-50,000)",Village,2,2-3 Hours,0-1 Hour,No,3,Yes,0.8929292929292929,0,0.11259850861288993
Computer Science and Engineering,Female,5.0,5.0,"High (Above 50,000)",Village,5,2-3 Hours,0-1 Hour,No,3,Yes,1.0,0,0.11259850861288993
Computer Science and Engineering,Female,4.0,4.68,"Lower middle (15,000-30,000)",City,5,2-3 Hours,0-1 Hour,No,3,Yes,0.8547008547008548,0,0.11259850861288993
Computer Science and Engineering,Male,4.5,4.75,"Upper middle (30,000-50,000)",Village,1,More than 3 Hours,0-1 Hour,No,4,No,0.9473684210526315,0,0.17014331425265505
Computer Science and Engineering,Male,5.0,5.0,"Lower middle (15,000-30,000)",City,4,2-3 Hours,2-3 Hours,No,4,Yes,1.0,0,0.17014331425265505
Computer Science and Engineering,Male,4.58,5.0,"Lower middle (15,000-30,000)",City,5,0-1 Hour,More than 3 Hours,No,3,No,0.916,0,0.4619330628376497
Computer Science and Engineering,Male,5.0,5.0,"Upper middle (30,000-50,000)",City,5,0-1 Hour,More than 3 Hours,No,4,Yes,1.0,1,0.7403219994880329
Computer Science and Engineering,Female,5.0,5.0,"High (Above 50,000)",City,3,2-3 Hours,More than 3 Hours,No,4,No,1.0,0,0.42562379081282053
Computer Science and Engineering,Male,5.0,5.0,"Low (Below 15,000)",Village,4,0-1 Hour,More than 3 Hours,No,5,No,1.0,0,0.46434542828581177
Computer Science and Engineering,Male,5.0,5.0,"Low (Below 15,000)",Village,5,0-1 Hour,More than 3 Hours,No,3,No,1.0,0,0.4619330628376497
Computer Science and Engineering,Male,5.0,5.0,"Low (Below 15,000)",City,3,2-3 Hours,2-3 Hours,No,3,No,1.0,0,0.11259850861288993
Computer Science and Engineering,Male,4.58,5.0,"High (Above 50,000)",City,5,0-1 Hour,More than 3 Hours,No,5,Yes,0.916,0,0.46434542828581177
Computer Science and Engineering,Female,4.92,5.0,"High (Above 50,000)",City,3,0-1 Hour,More than 3 Hours,No,5,Yes,0.984,0,0.46434542828581177
Computer Science and Engineering,Male,4.33,5.0,"Lower middle (15,000-30,000)",Village,3,0-1 Hour,More than 3 Hours,No,5,Yes,0.866,0,0.46434542828581177
Computer Science and Engineering,Male,5.0,5.0,"Lower middle (15,000-30,000)",City,3,0-1 Hour,More than 3 Hours,No,5,Yes,1.0,0,0.46434542828581177
Computer Science and Engineering,Female,5.0,5.0,"Lower middle (15,000-30,000)",Village,3,0-1 Hour,More than 3 Hours,No,5,Yes,1.0,0,0.46434542828581177
Computer Science and Engineering,Female,5.0,5.0,"Lower middle (15,000-30,000)",City,5,0-1 Hour,More than 3 Hours,No,5,Yes,1.0,0,0.46434542828581177
Computer Science and Engineering,Female,4.17,5.0,"Upper middle (30,000-50,000)",Village,4,0-1 Hour,More than 3 Hours,No,5,Yes,0.834,0,0.46434542828581177
Economics,Male,4.17,5.0,"Lower middle (15,000-30,000)",Village,3,0-1 Hour,More than 3 Hours,No,3,Yes,0.834,0,0.4619330628376497
Economics,Male,4.75,4.83,"Low (Below 15,000)",Village,2,0-1 Hour,More than 3 Hours,No,2,Yes,0.9834368530020704,1,0.7403219994880329
Economics,Male,4.9,5.0,"High (Above 50,000)",City,4,2-3 Hours,2-3 Hours,No,4,Yes,0.9800000000000001,0,0.17014331425265505
Economics,Male,5.0,4.83,"Lower middle (15,000-30,000)",Village,2,0-1 Hour,0-1 Hour,No,3,Yes,1.0351966873706004,0,0.23415647433528405
Electrical and Electronic Engineering,Male,3.42,4.33,"Lower middle (15,000-30,000)",City,4,2-3 Hours,2-3 Hours,Yes,2,Yes,0.789838337182448,0,0.17014331425265505
English,Female,3.5,4.2,"Upper middle (30,000-50,000)",City,2,More than 3 Hours,More than 3 Hours,No,2,Yes,0.8333333333333333,0,0.42562379081282053
English,Male,4.33,4.39,"Lower middle (15,000-30,000)",Village,4,2-3 Hours,2-3 Hours,No,4,No,0.9863325740318908,0,0.17014331425265505
English,Female,4.5,4.0,"Upper middle (30,000-50,000)",City,2,2-3 Hours,0-1 Hour,No,3,Yes,1.125,0,0.11259850861288993
English,Male,3.58,4.88,"Lower middle (15,000-30,000)",Village,3,0-1 Hour,2-3 Hours,No,4,Yes,0.7336065573770492,0,0.4002818969927386
English,Female,5.0,5.0,"Lower middle (15,000-30,000)",Village,1,More than 3 Hours,2-3 Hours,No,3,Yes,1.0,0,0.11259850861288993
English,Female,5.0,5.0,"Low (Below 15,000)",Village,1,0-1 Hour,More than 3 Hours,No,5,No,1.0,0,0.46434542828581177
English,Female,5.0,5.0,"Low (Below 15,000)",City,1,0-1 Hour,2-3 Hours,No,3,No,1.0,0,0.23415647433528405
English,Male,4.25,4.41,"Upper middle (30,000-50,000)",Village,4,2-3 Hours,0-1 Hour,No,4,Yes,0.9637188208616779,0,0.17014331425265505
English,Female,4.25,5.0,"Lower middle (15,000-30,000)",Village,3,0-1 Hour,2-3 Hours,No,4,Yes,0.85,0,0.4002818969927386
English,Female,4.25,5.0,"Lower middle (15,000-30,000)",City,4,2-3 Hours,2-3 Hours,No,4,No,0.85,0,0.17014331425265505
English,Female,4.25,4.68,"High (Above 50,000)",City,5,More than 3 Hours,More than 3 Hours,No,5,Yes,0.9081196581196582,0,0.2632819958467782
English,Male,5.0,5.0,"Lower middle (15,000-30,000)",City,2,0-1 Hour,0-1 Hour,No,4,Yes,1.0,0,0.4002818969927386
English,Female,4.58,5.0,"Lower middle (15,000-30,000)",Village,5,2-3 Hours,More than 3 Hours,No,5,Yes,0.916,0,0.2632819958467782
English,Male,5.0,5.0,"Lower middle (15,000-30,000)",Village,2,2-3 Hours,More than 3 Hours,No,3,Yes,1.0,0,0.2608696303986161
"Journalism, Communication and Media Studies",Male,3.27,4.82,"Upper middle (30,000-50,000)",City,2,0-1 Hour,2-3 Hours,No,3,Yes,0.6784232365145227,0,0.23415647433528405
"Journalism, Communication and Media Studies",Female,4.67,4.56,"Upper middle (30,000-50,000)",City,3,2-3 Hours,More than 3 Hours,No,4,No,1.0241228070175439,0,0.42562379081282053
"Journalism, Communication and Media Studies",Male,3.83,3.0,"Low (Below 15,000)",Village,2,2-3 Hours,More than 3 Hours,No,3,Yes,1.2766666666666666,0,0.2608696303986161
"Journalism, Communication and Media Studies",Male,4.42,3.94,"Lower middle (15,000-30,000)",Village,5,2-3 Hours,More than 3 Hours,No,5,No,1.1218274111675126,0,0.2632819958467782
"Journalism, Communication and Media Studies",Female,4.5,4.28,"Lower middle (15,000-30,000)",Village,2,2-3 Hours,0-1 Hour,No,2,Yes,1.0514018691588785,0,0.17014331425265505
"Journalism, Communication and Media Studies",Female,3.08,3.33,"Lower middle (15,000-30,000)",Village,3,2-3 Hours,More than 3 Hours,No,3,No,0.924924924924925,0,0.2608696303986161
"Journalism, Communication and Media Studies",Male,4.53,3.91,"Low (Below 15,000)",Village,5,0-1 Hour,0-1 Hour,No,2,Yes,1.1585677749360614,0,0.4002818969927386
"Journalism, Communication and Media Studies",Female,4.5,4.34,"High (Above 50,000)",Village,3,More than 3 Hours,0-1 Hour,No,5,Yes,1.0368663594470047,0,0.11236723977458427
"Journalism, Communication and Media Studies",Male,4.0,4.0,"Upper middle (30,000-50,000)",City,3,2-3 Hours,More than 3 Hours,No,3,Yes,1.0,0,0.2608696303986161
"Journalism, Communication and Media Studies",Female,2.85,3.64,"Low (Below 15,000)",City,4,2-3 Hours,More than 3 Hours,Yes,3,Yes,0.782967032967033,0,0.2608696303986161
"Journalism, Communication and Media Studies",Male,4.0,4.33,"Upper middle (30,000-50,000)",City,3,2-3 Hours,0-1 Hour,No,3,Yes,0.9237875288683602,0,0.11259850861288993
"Journalism, Communication and Media Studies",Male,3.17,3.17,"Lower middle (15,000-30,000)",City,3,0-1 Hour,More than 3 Hours,No,3,Yes,1.0,0,0.4619330628376497
"Journalism, Communication and Media Studies",Female,4.42,4.72,"Lower middle (15,000-30,000)",City,4,0-1 Hour,2-3 Hours,No,3,Yes,0.9364406779661018,0,0.23415647433528405
Law and Human Rights,Female,5.0,5.0,"Low (Below 15,000)",Village,1,More than 3 Hours,2-3 Hours,No,4,Yes,1.0,0,0.17014331425265505
Law and Human Rights,Female,3.58,4.86,"Lower middle (15,000-30,000)",Village,1,0-1 Hour,2-3 Hours,No,1,Yes,0.7366255144032922,0,0.3519998332636034
Political Science,Female,3.5,4.0,"Upper middle (30,000-50,000)",City,2,More than 3 Hours,More than 3 Hours,Yes,5,No,0.875,0,0.2632819958467782
Political Science,Male,5.0,4.94,"High (Above 50,000)",City,5,0-1 Hour,2-3 Hours,No,4,Yes,1.0121457489878543,0,0.4002818969927386
Political Science,Male,5.0,4.68,"Low (Below 15,000)",City,5,More than 3 Hours,More than 3 Hours,No,5,Yes,1.0683760683760684,0,0.2632819958467782
Political Science,Female,4.25,3.72,"Lower middle (15,000-30,000)",Village,1,0-1 Hour,More than 3 Hours,Yes,1,Yes,1.1424731182795698,1,0.6740625486959885
Political Science,Female,5.0,4.89,"High (Above 50,000)",Village,2,2-3 Hours,2-3 Hours,No,2,Yes,1.0224948875255624,0,0.17014331425265505
Political Science,Male,5.0,4.78,"Lower middle (15,000-30,000)",Village,1,2-3 Hours,0-1 Hour,No,1,Yes,1.0460251046025104,0,0.16248743901658447
Public Health,Male,3.5,4.0,"Lower middle (15,000-30,000)",Village,2,More than 3 Hours,2-3 Hours,Yes,2,Yes,0.875,0,0.17014331425265505
Public Health,Male,4.5,4.0,"Upper middle (30,000-50,000)",City,4,2-3 Hours,2-3 Hours,No,3,Yes,1.125,0,0.11259850861288993
Sociology,Female,4.56,3.67,"Lower middle (15,000-30,000)",City,3,0-1 Hour,2-3 Hours,No,2,No,1.2425068119891007,0,0.4002818969927386
Sociology,Male,4.23,4.5,"Low (Below 15,000)",Village,3,More than 3 Hours,2-3 Hours,No,3,Yes,0.9400000000000001,0,0.11259850861288993
Sociology,Female,3.83,5.0,"Lower middle (15,000-30,000)",Village,3,More than 3 Hours,2-3 Hours,No,4,Yes,0.766,0,0.17014331425265505
